,Unnamed: 0,filename,camera,datetime,TRACK,SNOW_SLUSH,ICE,CLEAR,UNK,red_ave,green_ave,blue_ave,red_var,green_var,blue_var
0,0,alaskacam_20210208_130211.jpg,alaskacam,2021-02-08T13:02:11,True,False,False,False,False,96.70899049353409,103.18358210573098,115.3646385483399,397.57593696990523,396.2309285709662,387.0506099950396
1,1,alaskacam_20210208_140402.jpg,alaskacam,2021-02-08T14:04:02,True,False,False,False,False,92.09160135713744,99.3171116386459,111.4627383391326,373.1750883194207,400.5295606383231,498.89360956327437
2,2,alaskacam_20210208_150552.jpg,alaskacam,2021-02-08T15:05:52,True,False,False,False,False,126.66215732821696,126.98003316965303,119.32999468851962,3573.6355398463843,3144.1602465079563,1478.0885496590613
3,3,alaskacam_20210208_160742.jpg,alaskacam,2021-02-08T16:07:42,True,False,False,False,False,79.76637616120885,89.26745471691977,104.91645258148786,279.4103966506721,340.0243835543785,470.6394107321368
4,4,alaskacam_20210208_170932.jpg,alaskacam,2021-02-08T17:09:32,True,False,False,False,False,113.24566680758349,119.1653875754718,126.26868502921315,583.8674929845785,644.3123486397974,755.3806499970832
5,5,alaskacam_20210208_181125.jpg,alaskacam,2021-02-08T18:11:25,True,False,False,False,False,165.54753774944987,168.1509923796516,153.83752831886227,2155.4088297746393,2118.3774863868666,1739.0264305031515
6,6,alaskacam_20210208_191317.jpg,alaskacam,2021-02-08T19:13:17,True,False,False,False,False,169.50519766294863,172.92313529099326,161.6273183527907,2257.4017187269856,2204.2221602804075,2123.120969857753
7,7,alaskacam_20210208_201507.jpg,alaskacam,2021-02-08T20:15:07,True,False,False,False,False,171.58431704118024,174.61334048757223,164.94528091227386,2249.9079096603386,2196.949098260891,2163.1682414452125
8,8,alaskacam_20210208_211701.jpg,alaskacam,2021-02-08T21:17:01,True,False,False,False,False,175.12730209315686,176.95115605996554,167.031456971589,2315.8448610258524,2261.902896482567,2225.3275092611443
9,9,alaskacam_20210208_221850.jpg,alaskacam,2021-02-08T22:18:50,True,False,False,False,False,171.37781969150055,172.41077796928013,162.9620771140234,2601.4856979681176,2558.42036425336,2438.8906358252134
10,10,alaskacam_20210208_223754.jpg,alaskacam,2021-02-08T22:37:54,True,False,False,False,False,170.8566117091043,173.42129253249217,164.27485827019174,2250.7000776092705,2211.9620798790115,2173.623806881856
11,11,alaskacam_20210208_233944.jpg,alaskacam,2021-02-08T23:39:44,True,False,False,False,False,173.15400583178868,177.26824601909965,166.094273356964,2360.1850179630455,2335.8111860848794,2270.4511951331074
12,12,alaskacam_20210209_004133.jpg,alaskacam,2021-02-09T00:41:33,True,False,False,False,False,176.59368801014602,178.36625909184525,167.94987696877067,2387.883488932916,2339.0322065913865,2276.4274465990657
13,13,alaskacam_20210209_113703.jpg,alaskacam,2021-02-09T11:37:03,True,False,False,False,False,142.21533717060692,139.30202811832677,130.23522270278474,1149.5338440965315,1099.8136709975724,1004.8787428847795
14,14,alaskacam_20210209_123847.jpg,alaskacam,2021-02-09T12:38:47,True,False,False,False,False,139.7968738144017,139.0805610657648,135.46712844026752,1171.8589164407454,1148.390938724586,1125.9563002503453
15,15,alaskacam_20210209_140113.jpg,alaskacam,2021-02-09T14:01:13,True,False,False,False,False,130.55330449958268,127.9590474022525,117.60482585932165,1624.3426568797036,1524.0148426727117,1307.8818849417087
16,16,alaskacam_20210209_150303.jpg,alaskacam,2021-02-09T15:03:03,False,True,False,False,False,176.90794337311524,177.3499723586225,169.64535028671153,1505.3942496081013,1495.0000844680333,1438.4579606951047
17,17,alaskacam_20210209_160454.jpg,alaskacam,2021-02-09T16:04:54,True,True,False,False,False,172.69447606039913,172.34973388399294,163.40440961269553,1090.1268810228435,1072.8541531003527,1024.2300877605019
18,18,alaskacam_20210209_170644.jpg,alaskacam,2021-02-09T17:06:44,True,True,False,False,False,170.26875006774847,172.33936023760745,170.2769286635665,1103.3137771082816,1124.357274549784,1163.4342695084988
19,19,alaskacam_20210209_180834.jpg,alaskacam,2021-02-09T18:08:34,True,True,False,False,False,188.70626429492808,194.29461914517685,185.72822564035857,2887.487857845967,2799.083475864673,2624.578952156083
20,20,alaskacam_20210209_191023.jpg,alaskacam,2021-02-09T19:10:23,True,True,False,False,False,188.07665333376693,191.87493631643414,184.0213759986125,2998.07169897944,2973.8464828000265,3151.5881418114395
21,21,alaskacam_20210209_214904.jpg,alaskacam,2021-02-09T21:49:04,True,True,False,False,False,187.4431346406079,189.04353245964901,180.67453632944185,2990.041363796566,2964.3524457052017,3082.260348750626
22,22,alaskacam_20210209_225056.jpg,alaskacam,2021-02-09T22:50:56,True,True,False,False,False,185.22601433015728,190.6052106706557,184.41628456527158,2611.731900189794,2595.7960616481905,2759.5217035293986
23,23,alaskacam_20210209_235248.jpg,alaskacam,2021-02-09T23:52:48,True,True,False,False,False,189.27446261910183,192.5611416430902,184.81873218215125,2615.318879673119,2604.1324767819165,2791.159282071217
24,24,alaskacam_20210210_113705.jpg,alaskacam,2021-02-10T11:37:05,True,True,False,False,False,206.4948673755867,205.52959253357614,196.76839235580414,1763.864295141647,1742.4086204501034,1755.834865589957
25,25,alaskacam_20210210_123855.jpg,alaskacam,2021-02-10T12:38:55,True,True,False,False,False,172.76222453470348,173.73109817566908,170.7409623535278,2834.9609961332535,2859.486025955187,2855.5617679355923
26,26,alaskacam_20210210_134407.jpg,alaskacam,2021-02-10T13:44:07,True,True,False,False,False,150.13749688357018,150.14887320737537,146.62226702654655,1776.4326625776978,1761.5669775006766,1729.8859239165565
27,27,alaskacam_20210210_144556.jpg,alaskacam,2021-02-10T14:45:56,True,True,False,False,False,137.95801220556513,140.81979447822835,143.77757362904188,509.8205571664688,513.9863058470004,669.9625640584168
28,28,alaskacam_20210210_154749.jpg,alaskacam,2021-02-10T15:47:49,True,True,False,False,False,117.83749037971666,118.42619210215386,118.71739130434783,1116.9609514679491,1122.9827722895034,1180.554317663288
29,29,alaskacam_20210210_164940.jpg,alaskacam,2021-02-10T16:49:40,True,True,False,False,False,139.00849836861673,144.801811323209,151.91720594452212,1397.7253242418026,1431.741286650059,1547.6989758490697
30,30,alaskacam_20210210_175153.jpg,alaskacam,2021-02-10T17:51:53,True,True,False,False,False,155.20813957269684,159.96790348281357,157.22656715770762,1266.3600089752626,1248.4319747023144,1191.8611091948574
31,31,alaskacam_20210210_185343.jpg,alaskacam,2021-02-10T18:53:43,True,True,False,False,False,192.6690785123519,198.01142510270668,188.91849587547287,3191.3092253191153,3075.414977918787,3245.2974447496317
32,32,alaskacam_20210210_195533.jpg,alaskacam,2021-02-10T19:55:33,True,True,False,False,False,195.14427715087857,200.6625909184525,192.79652694221326,3202.827427521292,3052.3119840820204,3216.2512721237504
33,33,alaskacam_20210210_205725.jpg,alaskacam,2021-02-10T20:57:25,True,True,False,False,False,198.1047716605422,198.8669365765883,190.49149079162737,2911.265106061754,2961.909575622971,3148.3736200478197
34,34,alaskacam_20210210_215915.jpg,alaskacam,2021-02-10T21:59:15,True,True,False,False,False,186.35750598896513,187.88051879071682,179.63007165078642,3422.3942537909656,3388.243466536272,3264.179077701824
35,35,alaskacam_20210210_230105.jpg,alaskacam,2021-02-10T23:01:05,True,True,False,False,False,208.08513002287188,208.37492005680033,196.9460559548199,2343.9798481498206,2422.29565382736,2720.4981631758224
36,36,alaskacam_20210211_033004.jpg,alaskacam,2021-02-11T03:30:04,True,False,False,False,False,188.87410707510867,191.87362470597162,184.06557510324868,2787.253291270422,2755.8113140346063,2789.3839745418886
37,37,alaskacam_20210211_114145.jpg,alaskacam,2021-02-11T11:41:45,True,False,False,False,False,140.16435779866237,138.12062480352944,132.72159712963264,1029.8041518961745,966.9911080093476,880.4001511048846
38,38,alaskacam_20210211_124345.jpg,alaskacam,2021-02-11T12:43:45,True,False,False,False,False,139.0804255688162,137.46449437958657,132.1482282419,869.2575936012071,821.2595465875402,763.03266617786
39,39,alaskacam_20210211_150356.jpg,alaskacam,2021-02-11T15:03:56,True,False,False,False,False,138.69164146423424,137.3049385927829,131.5350503506661,920.6803911496977,888.3115900835433,850.6256372659003
40,40,alaskacam_20210211_165931.jpg,alaskacam,2021-02-11T16:59:31,True,False,False,False,False,120.37191744441915,119.35480146987089,116.80442912425612,876.4859335362889,862.9568069947744,828.7349626598574
41,41,alaskacam_20210211_222347.jpg,alaskacam,2021-02-11T22:23:47,True,False,False,False,False,156.3831691110316,159.54168970114793,148.05751574474542,1493.2564257712886,1479.787713260375,1326.0134502017104
42,42,alaskacam_20210211_232539.jpg,alaskacam,2021-02-11T23:25:39,True,False,False,False,False,156.21740214410372,159.1475561770349,147.37654602018364,1503.765652960856,1488.6298320004782,1328.0404673303187
43,43,alaskacam_20210212_002732.jpg,alaskacam,2021-02-12T00:27:32,True,False,False,False,False,152.02787985214573,156.3040605725559,145.38182498130143,1374.0548957000885,1386.005717417423,1223.005960846218
44,44,alaskacam_20210212_110819.jpg,alaskacam,2021-02-12T11:08:19,True,False,False,False,False,106.01279091194866,107.69072008498368,108.773373223635,648.7091141396368,669.278566826713,703.1169491939182
45,45,alaskacam_20210212_121011.jpg,alaskacam,2021-02-12T12:10:11,True,False,False,False,False,96.6298982146922,99.81716583742534,103.68979870573315,484.3473774808867,510.66331865825356,546.2867003735593
46,46,alaskacam_20210212_131201.jpg,alaskacam,2021-02-12T13:12:01,True,False,False,False,False,89.97294396930181,93.4217369624836,98.21356487051912,929.4155687961083,1005.0777773174763,991.6190405181512
47,47,alaskacam_20210212_141356.jpg,alaskacam,2021-02-12T14:13:56,True,False,False,False,False,75.33454738599286,79.44860329745374,86.75872871342938,422.60892181312386,451.68302984764597,508.81388988654584
48,48,alaskacam_20210212_151547.jpg,alaskacam,2021-02-12T15:15:47,True,False,False,False,False,86.97955622039392,93.13232090013332,101.88920143518368,2129.2747709346218,1687.8598827005303,894.1261419408552
49,49,alaskacam_20210212_161737.jpg,alaskacam,2021-02-12T16:17:37,True,False,False,False,False,72.4817783703511,80.9713776245759,93.44516709483702,315.15742164959994,378.1567420313453,475.90147613355924
50,50,alaskacam_20210212_171930.jpg,alaskacam,2021-02-12T17:19:30,True,False,False,False,False,100.09353625356357,105.10931351825957,109.3578203418859,552.2329233268077,616.7411046559475,682.4061369333717
51,51,alaskacam_20210212_182123.jpg,alaskacam,2021-02-12T18:21:23,True,True,False,False,False,143.76415401125166,147.7478672780289,128.32183235233543,1293.6347336227527,1270.2664237790311,928.5092820554254
52,52,alaskacam_20210212_192313.jpg,alaskacam,2021-02-12T19:23:13,True,False,False,False,False,150.20056258333062,151.85660086934843,141.97163777871722,1606.3108797632806,1591.1865844243616,1411.0967154482569
53,53,alaskacam_20210212_222809.jpg,alaskacam,2021-02-12T22:28:09,True,False,False,False,False,154.31372963480862,155.0925498357777,144.10163355121242,2201.9022512009856,2088.3201392854667,1812.1075854858254
54,54,alaskacam_20210213_000012.jpg,alaskacam,2021-02-13T00:00:12,True,False,False,False,False,148.21169501262833,149.65105741818695,138.0027370383619,1294.733864505771,1256.7696247205931,1125.7531116483779
55,55,alaskacam_20210213_010201.jpg,alaskacam,2021-02-13T01:02:01,True,False,False,False,False,146.81159420289856,150.40094631068908,138.54697408214366,1238.7666018323584,1213.6995663814414,1039.1105946453233
56,56,alaskacam_20210213_022557.jpg,alaskacam,2021-02-13T02:25:57,True,False,False,False,False,146.7785925660954,149.9502617801047,138.47070013983284,1242.7790873192068,1207.4719551253402,1044.0792825434182
57,57,alaskacam_20210213_121048.jpg,alaskacam,2021-02-13T12:10:48,True,False,False,False,False,79.60226225705397,85.22285996119368,98.22731510086393,377.9423813628496,392.7435705139978,454.28397546613485
58,58,alaskacam_20210213_131237.jpg,alaskacam,2021-02-13T13:12:37,True,False,False,False,False,84.42254994417526,88.5598462922615,96.39707651783682,742.4796035830936,739.8037769895874,503.78479823460344
59,59,alaskacam_20210213_141425.jpg,alaskacam,2021-02-13T14:14:25,True,False,False,False,False,79.84014611990938,85.49419531072161,92.74549337148927,340.7260754103423,361.3502882463323,375.79014708322984
60,60,alaskacam_20210213_155158.jpg,alaskacam,2021-02-13T15:51:58,True,False,False,False,False,60.007734165826584,68.06482174021441,82.3794022958603,291.0881703757351,317.1325416625314,321.1206306596273
61,61,alaskacam_20210213_165349.jpg,alaskacam,2021-02-13T16:53:49,True,False,False,False,False,74.761200177772,78.5922680021246,83.10929725862573,539.3622672424345,599.8942675551574,695.1299898728633
62,62,alaskacam_20210213_204358.jpg,alaskacam,2021-02-13T20:43:58,True,False,False,False,False,159.16430901976088,162.70146770294733,148.87110988260545,2184.300905161658,2211.267381779162,1883.915405808582
63,63,alaskacam_20210213_214717.jpg,alaskacam,2021-02-13T21:47:17,True,False,False,False,False,146.2970960293974,145.97756712518833,133.49977778500428,1503.7211927203045,1425.4787169540894,1228.8182633133297
64,64,alaskacam_20210213_224906.jpg,alaskacam,2021-02-13T22:49:06,True,False,False,False,False,140.2723597064594,145.304635079618,133.5129426685311,1253.0840047479812,1257.50634871538,1080.559155761371
65,65,alaskacam_20210214_001627.jpg,alaskacam,2021-02-14T00:16:27,True,False,False,False,False,138.18996130207148,142.19433514357257,131.0138586279037,1126.6584449628938,1115.3310890653534,957.1306275323756
66,66,fourthavenue_20210208_130200.jpg,fourthavenue,2021-02-08T13:02:00,True,False,False,False,False,120.83514767501278,125.96711292795095,126.70886050076648,3248.0461972418616,2694.0445106735015,1887.8519000301058
67,67,fourthavenue_20210208_140351.jpg,fourthavenue,2021-02-08T14:03:51,True,False,False,False,False,112.60605007664793,119.087484925907,122.54941236586612,3518.0367053485397,2737.8784945737384,1777.2022114584674
68,68,fourthavenue_20210208_150541.jpg,fourthavenue,2021-02-08T15:05:41,True,False,False,False,False,81.47331630045989,90.74585998978027,98.05617986714358,597.2874239025089,504.26971638101026,452.916982810775
69,69,fourthavenue_20210208_160731.jpg,fourthavenue,2021-02-08T16:07:31,True,False,False,False,False,118.65375574859479,128.6899826264691,133.11549514563106,609.0390316276178,726.1657512618341,866.4274130430272
70,70,fourthavenue_20210208_170921.jpg,fourthavenue,2021-02-08T17:09:21,True,False,False,False,False,137.54048850281043,143.5692263668881,142.5805579969341,687.4835492350494,768.5872904898924,831.64559114495
71,71,fourthavenue_20210208_181114.jpg,fourthavenue,2021-02-08T18:11:14,True,False,False,False,False,149.4704997445069,152.65011343893715,149.86555339805824,3622.550521661344,3504.4667873657727,2721.313002292115
72,72,fourthavenue_20210208_191306.jpg,fourthavenue,2021-02-08T19:13:06,True,False,False,False,False,142.21920490546756,141.02142871742464,134.93573837506386,3370.8708373034406,3570.7691187354662,3432.247422819647
73,73,fourthavenue_20210208_201456.jpg,fourthavenue,2021-02-08T20:14:56,True,False,False,False,False,143.8200143076137,141.89512519161983,135.72961471640266,3983.156653694227,4026.5834580962332,4122.790012902144
74,74,fourthavenue_20210208_211650.jpg,fourthavenue,2021-02-08T21:16:50,True,False,False,False,False,151.11704036791008,149.67013183444047,142.95563004598876,3317.997334766382,3244.6219953735244,3122.8509204231746
75,75,fourthavenue_20210208_221839.jpg,fourthavenue,2021-02-08T22:18:39,True,False,False,False,False,140.09509657639245,139.8098640776699,134.17412365866122,3534.3852131562307,3534.9929908961903,3407.7849941860372
76,76,fourthavenue_20210208_223743.jpg,fourthavenue,2021-02-08T22:37:43,True,False,False,False,False,150.51261727133368,150.86939601430763,144.85303219213083,3553.291377850964,3628.6593534318295,3543.21709642666
77,77,fourthavenue_20210208_233933.jpg,fourthavenue,2021-02-08T23:39:33,True,False,False,False,False,138.22629739397036,139.32885436893204,134.24888298415942,4147.293124696433,4343.429596245015,4163.611038353707
78,78,fourthavenue_20210209_004122.jpg,fourthavenue,2021-02-09T00:41:22,True,False,False,False,False,148.3145017884517,148.98981297904956,143.37855493101685,3467.3819634334404,3576.3556816103983,3512.4253216113157
79,79,fourthavenue_20210209_113652.jpg,fourthavenue,2021-02-09T11:36:52,True,False,False,False,False,150.0114052120593,147.52791824220745,136.40683086356668,2173.937660416794,1974.9028168926511,1599.4867196142136
80,80,fourthavenue_20210209_123837.jpg,fourthavenue,2021-02-09T12:38:37,True,False,False,False,False,157.95870413898825,157.11624731732243,149.21117629024016,1391.8772113611121,1388.3733439960647,1321.9405450956465
81,81,fourthavenue_20210209_140102.jpg,fourthavenue,2021-02-09T14:01:02,True,False,False,False,False,156.45129483903935,156.65418497700563,149.61050587634134,1840.0677116090333,1724.88787645633,1529.3846295345847
82,82,fourthavenue_20210209_150252.jpg,fourthavenue,2021-02-09T15:02:52,True,True,False,False,False,182.33001941747574,183.5389105774144,177.3834563106796,817.7326119669198,806.3489662939963,782.1814109256591
83,83,fourthavenue_20210209_160443.jpg,fourthavenue,2021-02-09T16:04:43,True,True,False,False,False,187.54068063362288,189.1250894225856,184.83280122636688,2160.6365719639225,2177.965286719137,2152.6440241306477
84,84,fourthavenue_20210209_170633.jpg,fourthavenue,2021-02-09T17:06:33,True,True,False,False,False,163.10319877363312,164.5067879407256,161.4402902401635,642.792501776023,652.1082267904933,656.7193626955255
85,85,fourthavenue_20210209_180823.jpg,fourthavenue,2021-02-09T18:08:23,True,True,False,False,False,137.74213183444047,139.89252938170668,140.29423811957076,2457.9694815257985,2568.908634021237,1982.256733075645
86,86,fourthavenue_20210209_191012.jpg,fourthavenue,2021-02-09T19:10:12,False,True,False,False,False,143.51691773122127,144.50060705160962,140.73790086867655,4265.389131266098,4369.081108471551,4384.822521214495
87,87,fourthavenue_20210209_214853.jpg,fourthavenue,2021-02-09T21:48:53,True,True,False,False,False,157.57138477261114,159.80242003065916,155.5930178845171,3341.781697264828,3435.533561031545,3536.458398260795
88,88,fourthavenue_20210209_225044.jpg,fourthavenue,2021-02-09T22:50:44,False,True,False,False,False,161.3354072560041,162.6067123147675,158.49533776188042,3131.197977189789,3294.129948199811,3411.755229157763
89,89,fourthavenue_20210209_235237.jpg,fourthavenue,2021-02-09T23:52:37,False,True,False,False,False,176.98722943280532,174.41566070516097,168.5854839039346,3026.4302426356585,3073.79066818125,3163.6586148322667
90,90,fourthavenue_20210210_113654.jpg,fourthavenue,2021-02-10T11:36:54,True,True,False,False,False,193.71701175268268,194.89885743484925,190.3242595809913,3864.7562017602086,3886.148404826379,3871.2902241451875
91,91,fourthavenue_20210210_123844.jpg,fourthavenue,2021-02-10T12:38:44,True,True,False,False,False,167.16744813490035,169.0309984670414,165.23572406745018,4035.391072006125,4008.968633371996,3948.041676882471
92,92,fourthavenue_20210210_134356.jpg,fourthavenue,2021-02-10T13:43:56,True,True,False,False,False,186.29916402657128,187.32763208993356,182.9519223300971,2220.215101804981,2228.9083301824758,2271.7933063199766
93,93,fourthavenue_20210210_144545.jpg,fourthavenue,2021-02-10T14:45:45,True,True,False,False,False,127.85153602452733,130.09844864588655,128.49191619826266,1469.3826717847267,1335.4471213541583,1185.4539816628799
94,94,fourthavenue_20210210_154737.jpg,fourthavenue,2021-02-10T15:47:37,True,True,False,False,False,127.03305058763414,127.60860500766479,124.39602248339295,1492.0959091916154,1422.3453076605372,1364.847532058769
95,95,fourthavenue_20210210_164930.jpg,fourthavenue,2021-02-10T16:49:30,True,True,False,False,False,153.9515912110373,157.12522023505366,154.60313132345428,2255.0891885257893,2275.5441849923754,2224.0448703174497
96,96,fourthavenue_20210210_175141.jpg,fourthavenue,2021-02-10T17:51:41,True,True,False,False,False,166.56777925396014,170.03562595809913,171.06130608073582,2609.6669041842806,2621.298201409403,2255.154778099978
97,97,fourthavenue_20210210_185333.jpg,fourthavenue,2021-02-10T18:53:33,False,True,False,False,False,159.45933980582524,161.09072253449156,157.06341543178334,4447.212925184992,4374.416300847387,4292.234102141673
98,98,fourthavenue_20210210_195523.jpg,fourthavenue,2021-02-10T19:55:23,False,True,False,False,False,162.80325804803272,163.0840429228411,158.53544404701074,3400.533531745879,3637.9908969301964,3718.3121387118676
99,99,fourthavenue_20210210_205714.jpg,fourthavenue,2021-02-10T20:57:14,True,True,False,False,False,148.6010015329586,150.4676831885539,146.08831067961165,3680.137936656615,3739.8793204678477,3819.3851291748124
100,100,fourthavenue_20210210_215904.jpg,fourthavenue,2021-02-10T21:59:04,True,True,False,False,False,166.5493633111906,165.5505896780787,160.4714563106796,4135.159211705001,4011.4075674090504,3943.707163796378
101,101,fourthavenue_20210210_230055.jpg,fourthavenue,2021-02-10T23:00:55,False,True,False,False,False,166.31921103730198,166.54482166581502,161.38785487991825,2943.182278048974,3154.4873451317126,3311.584489389263
102,102,fourthavenue_20210211_032953.jpg,fourthavenue,2021-02-11T03:29:53,True,True,False,False,False,159.46906489524784,160.62890546755239,155.8797097598365,3097.5160353545,3246.137563247579,3307.446746405286
103,103,fourthavenue_20210211_114133.jpg,fourthavenue,2021-02-11T11:41:33,True,False,False,False,False,163.48607460398568,164.2822728666326,158.39091670924884,1716.1453768549352,1662.647766075774,1557.1586690523372
104,104,fourthavenue_20210211_124334.jpg,fourthavenue,2021-02-11T12:43:34,True,False,False,False,False,162.75053653551353,162.3948042922841,155.04263260091977,1723.7865038000193,1655.1499527695678,1594.085274949842
105,105,fourthavenue_20210211_150345.jpg,fourthavenue,2021-02-11T15:03:45,True,False,False,False,False,145.36510168625446,143.81476954522228,136.3475482881962,2175.0407630990107,2259.0322527854187,2118.7679787106217
106,106,fourthavenue_20210211_165921.jpg,fourthavenue,2021-02-11T16:59:21,True,False,False,False,False,164.13127031170157,160.33068574348493,147.54406949412365,1846.4251922238143,1764.5583464791684,1646.1969265562332
107,107,fourthavenue_20210211_222252.jpg,fourthavenue,2021-02-11T22:22:52,True,False,False,False,False,129.5183484925907,130.09718957588146,123.53049770056208,3459.124962259749,3494.4980125409647,3218.627011637833
108,108,fourthavenue_20210211_232528.jpg,fourthavenue,2021-02-11T23:25:28,True,False,False,False,False,135.2902442514052,131.7263934593766,124.2252876852325,3966.6935978248575,3788.28841794841,3450.6617278298586
109,109,fourthavenue_20210212_002721.jpg,fourthavenue,2021-02-12T00:27:21,True,False,False,False,False,135.33961369443026,135.4846806336229,127.71378640776699,2977.433801015817,3143.5526738504846,2986.8730168843736
110,110,fourthavenue_20210212_110808.jpg,fourthavenue,2021-02-12T11:08:08,True,False,False,False,False,136.2082289218191,138.58297393970363,135.5353786407767,1461.7879089838746,1498.6301567152123,1518.485592500985
111,111,fourthavenue_20210212_121000.jpg,fourthavenue,2021-02-12T12:10:00,True,False,False,False,False,119.71415840572304,122.82055799693408,120.00649565661728,1431.8827789979018,1183.4867131888948,877.8871851953057
112,112,fourthavenue_20210212_131150.jpg,fourthavenue,2021-02-12T13:11:50,True,False,False,False,False,115.90962902401635,118.77672355646398,116.29223914154318,4159.829032882306,3285.0794312271046,2127.5772104895664
113,113,fourthavenue_20210212_141346.jpg,fourthavenue,2021-02-12T14:13:46,True,False,False,False,False,94.00153295861011,95.25077976494634,94.50222994379152,3237.293140215189,2573.3506894788347,1755.8799020278616
114,114,fourthavenue_20210212_151536.jpg,fourthavenue,2021-02-12T15:15:36,True,True,False,False,False,64.36425549310168,68.17354317833419,69.53391108840061,685.4451861013048,509.4341035112937,367.8007519287325
115,115,fourthavenue_20210212_161726.jpg,fourthavenue,2021-02-12T16:17:26,True,False,False,False,False,107.0574552887072,112.33944609095555,112.69660500766479,439.34883787804694,490.42965524760484,555.1527302216
116,116,fourthavenue_20210212_171919.jpg,fourthavenue,2021-02-12T17:19:19,True,False,False,False,False,106.65743484925908,114.72821665815023,115.54470311701584,1670.5880798788671,1878.7796810813168,1871.1874804254019
117,117,fourthavenue_20210212_182111.jpg,fourthavenue,2021-02-12T18:21:11,True,False,False,False,False,101.4089402146142,103.30827593254982,96.07277669902912,4672.450043322434,4653.204775862544,3479.4273576144187
118,118,fourthavenue_20210212_192302.jpg,fourthavenue,2021-02-12T19:23:02,True,False,False,False,False,119.45595094532447,119.91338988247317,114.10391006642821,4134.151675419157,4028.7991169808474,3674.7598475626837
119,119,fourthavenue_20210212_222758.jpg,fourthavenue,2021-02-12T22:27:58,True,False,False,False,False,137.36798773633112,133.45697700562084,125.58752376085846,3378.431734744869,3323.8755133551176,3080.710133152859
120,120,fourthavenue_20210213_000000.jpg,fourthavenue,2021-02-13T00:00:00,True,False,False,False,False,125.25721410321921,125.91092897291773,119.29388247317323,3380.3808475479254,3549.9026601181017,3411.93480427234
121,121,fourthavenue_20210213_010150.jpg,fourthavenue,2021-02-13T01:01:50,True,False,False,False,False,134.31378231987736,129.4175329586101,122.69257434849258,4081.632986746687,3668.1666738932677,3404.351927894959
122,122,fourthavenue_20210213_022546.jpg,fourthavenue,2021-02-13T02:25:46,True,False,False,False,False,129.69849361267245,130.4771057741441,124.3624527337762,2914.799354501364,3025.2427103970895,2898.474408291711
123,123,fourthavenue_20210213_121037.jpg,fourthavenue,2021-02-13T12:10:37,True,False,False,False,False,101.89771691364334,104.62380378129791,102.25046499744506,2870.979808992933,2468.5500124295613,1864.8393255374822
124,124,fourthavenue_20210213_131226.jpg,fourthavenue,2021-02-13T13:12:26,True,False,False,False,False,113.53955646397547,116.6530894225856,115.34041083290751,4499.267439885034,3541.218768023173,2296.931204777563
125,125,fourthavenue_20210213_141414.jpg,fourthavenue,2021-02-13T14:14:14,True,False,False,False,False,116.2075912110373,120.68906285130302,122.3721982626469,5850.9929651635,5201.178318600548,4662.046523128808
126,126,fourthavenue_20210213_155147.jpg,fourthavenue,2021-02-13T15:51:47,True,False,False,False,False,59.91100255493102,65.22693101686255,68.5861502299438,483.8229266698964,542.3819208112861,637.2793650566339
127,127,fourthavenue_20210213_165338.jpg,fourthavenue,2021-02-13T16:53:38,True,False,False,False,False,101.07852427184466,108.61962595809914,109.7267572815534,930.213202359784,1069.7088669423613,1101.5550982533002
128,128,fourthavenue_20210213_204347.jpg,fourthavenue,2021-02-13T20:43:47,True,False,False,False,False,123.25442616249362,125.10713949923353,119.47049156872764,3949.1013991622785,4014.9669779493697,3720.413756743542
129,129,fourthavenue_20210213_214705.jpg,fourthavenue,2021-02-13T21:47:05,True,False,False,False,False,144.61042003065918,147.80815533980584,141.00199489013798,3139.3219729763605,2910.6383433013675,2727.2545856984916
130,130,fourthavenue_20210213_224855.jpg,fourthavenue,2021-02-13T22:48:55,True,False,False,False,False,135.10629739397035,131.1553806847215,123.71644353602453,2260.895897593723,2663.8172794284046,2592.7571348221823
131,131,fourthavenue_20210214_001616.jpg,fourthavenue,2021-02-14T00:16:16,True,False,False,False,False,125.79564230965764,126.14572100153296,119.53845682166582,2740.861052446406,2921.3299232844493,2818.2500826467053
132,132,glennweb_20210208_130139.jpg,glennweb,2021-02-08T13:01:39,True,False,False,False,False,109.46592425312039,105.41131509208712,103.73908463588349,1329.169591803088,1217.802563581241,1089.0595773997572
133,133,glennweb_20210208_140329.jpg,glennweb,2021-02-08T14:03:29,True,False,False,False,False,130.5036868113794,126.2283531503295,125.43248237907443,1612.5571504640602,1491.3078872161457,1341.8240988910356
134,134,glennweb_20210208_150519.jpg,glennweb,2021-02-08T15:05:19,True,False,False,False,False,126.11359814310373,125.5301394520234,124.5721931260834,1502.1277634862329,1386.8648833631055,1172.4607484421692
135,135,glennweb_20210208_160709.jpg,glennweb,2021-02-08T16:07:09,True,False,False,False,False,78.80585011032714,79.52509064566324,85.33775997102296,326.02136502738904,337.85894175448584,391.6090765519094
136,136,glennweb_20210208_170859.jpg,glennweb,2021-02-08T17:08:59,True,False,False,False,False,89.26444509330682,92.80445669890855,95.96604437479441,421.3338439396365,509.5879367757586,611.050443894571
137,137,glennweb_20210208_181052.jpg,glennweb,2021-02-08T18:10:52,True,False,False,False,False,96.66490118606293,87.83506000539623,79.37537838327314,659.8208915657332,419.9524369464731,311.934978398937
138,138,glennweb_20210208_191244.jpg,glennweb,2021-02-08T19:12:44,True,False,False,False,False,153.6673257958523,113.63341452326479,81.07653413857976,1615.0653966795894,730.3103498780711,334.3532915467327
139,139,glennweb_20210208_201434.jpg,glennweb,2021-02-08T20:14:34,True,False,False,False,False,148.0919725457294,113.53178419494454,81.05090571742208,1540.9424759670605,824.7282419798107,359.3133249145435
140,140,glennweb_20210208_211628.jpg,glennweb,2021-02-08T21:16:28,True,False,False,False,False,149.6621661079469,111.69818412989403,81.9805994256336,1569.3303369354953,801.8605591307736,368.69961511679577
141,141,glennweb_20210208_221817.jpg,glennweb,2021-02-08T22:18:17,True,False,False,False,False,145.87539871155644,114.68243895046922,79.28294383110523,1469.7378591780869,792.0312185962596,428.5598882347192
142,142,glennweb_20210208_223719.jpg,glennweb,2021-02-08T22:37:19,True,False,False,False,False,143.31330319819338,112.00770257134303,85.4600475312224,1155.0398147088015,671.2213304596829,368.8174478904369
143,143,glennweb_20210208_233911.jpg,glennweb,2021-02-08T23:39:11,True,False,False,False,False,143.0348205012585,113.65043114440843,79.40323921954176,1422.1923534462267,742.0785600449699,412.7969892006845
144,144,glennweb_20210209_004101.jpg,glennweb,2021-02-09T00:41:01,True,False,False,False,False,140.97269357145763,109.9852194900188,78.9323068166278,1370.2058045014428,751.9841657189029,419.92936549642235
145,145,glennweb_20210209_113632.jpg,glennweb,2021-02-09T11:36:32,True,False,False,False,False,116.62774478025126,114.9216843645933,107.38248958637487,1156.439499595403,1224.472597732847,1218.9023898028322
146,146,glennweb_20210209_123816.jpg,glennweb,2021-02-09T12:38:16,True,False,False,False,False,123.42561881142376,124.12581359333824,113.46879978119375,1399.3409528634068,1485.1260956215938,1442.4088955582813
147,147,glennweb_20210209_140040.jpg,glennweb,2021-02-09T14:00:40,True,False,False,False,False,120.02648590510758,115.51077583817208,110.22645707590581,1093.4408620744607,1099.16461966907,1099.6810491425504
148,148,glennweb_20210209_150230.jpg,glennweb,2021-02-09T15:02:30,True,True,False,False,False,143.03547470237544,141.6918380094545,136.01222653838903,185.11131218627585,163.8030621264725,138.1598747578569
149,149,glennweb_20210209_160421.jpg,glennweb,2021-02-09T16:04:21,True,True,False,False,False,143.12834538862134,138.57544195535908,139.83591009724313,147.40155088679415,129.29610128115564,118.08626977730256
150,150,glennweb_20210209_170611.jpg,glennweb,2021-02-09T17:06:11,True,True,False,False,False,147.83212534049875,141.98585151482672,141.00293466489748,186.99911343908516,164.696010258756,166.63542395513022
151,151,glennweb_20210209_180801.jpg,glennweb,2021-02-09T18:08:01,True,True,False,False,False,145.119833381998,127.0929704796366,104.01696118037101,624.177538954863,260.34274749890125,170.6471681413048
152,152,glennweb_20210209_190950.jpg,glennweb,2021-02-09T19:09:50,True,True,False,False,False,148.72983341895852,113.95127125691624,81.61570674048913,1534.8837920882033,844.3797159224098,456.06223963215274
153,153,glennweb_20210209_214831.jpg,glennweb,2021-02-09T21:48:31,True,True,False,False,False,156.77483284607055,119.89638858807136,88.11947856105323,851.3579721680502,300.18172916550327,209.4472101687077
154,154,glennweb_20210209_225022.jpg,glennweb,2021-02-09T22:50:22,True,True,False,False,False,140.3486374506115,118.67378649388858,93.46014362856161,558.3920441574523,179.0161716888021,166.02658185023816
155,155,glennweb_20210209_235215.jpg,glennweb,2021-02-09T23:52:15,True,True,False,False,False,148.04700638308094,124.8418718283258,94.00956538130315,523.1634067719793,138.52134951131268,143.93262558182573
156,156,glennweb_20210210_113633.jpg,glennweb,2021-02-10T11:36:33,True,True,False,False,False,160.48200207718094,164.2070638936424,157.87613052975507,340.7711741583715,344.1924558395266,322.1906077364797
157,157,glennweb_20210210_123822.jpg,glennweb,2021-02-10T12:38:22,True,True,False,False,False,156.7848084890911,150.53611966336362,150.97768324099366,331.59125041063817,307.8758007332588,313.66985112825336
158,158,glennweb_20210210_134334.jpg,glennweb,2021-02-10T13:43:34,True,True,False,False,False,164.14780140376035,160.48536178800188,163.15594750128437,384.25351427845703,366.4827404572066,390.42202664512473
159,159,glennweb_20210210_144523.jpg,glennweb,2021-02-10T14:45:23,True,True,False,False,False,176.09236432718927,177.1235774821758,167.35253678495263,739.9250877459759,763.8429591582,732.9774959856359
160,160,glennweb_20210210_154714.jpg,glennweb,2021-02-10T15:47:14,True,True,False,False,False,150.4965386477626,152.92836682572008,149.47102110815015,470.672505843249,513.0806983964656,547.5138825209972
161,161,glennweb_20210210_164908.jpg,glennweb,2021-02-10T16:49:08,True,True,False,False,False,147.1014233494358,149.05189995527778,152.64871617650863,1049.7386663975994,1186.9410266183274,1377.9459560819034
162,162,glennweb_20210210_175111.jpg,glennweb,2021-02-10T17:51:11,True,True,False,False,False,129.8000029568412,131.83693390351087,132.96790718475452,705.6038533554517,825.1295824086019,956.1043259994499
163,163,glennweb_20210210_185310.jpg,glennweb,2021-02-10T18:53:10,True,True,False,False,False,163.9887381310546,128.38586038535033,90.28910884502086,1488.7259144404186,753.8715361436513,404.72835358289177
164,164,glennweb_20210210_195500.jpg,glennweb,2021-02-10T19:55:00,True,True,False,False,False,164.31618611836976,132.09755358350674,88.60593068425001,1524.4271756849034,849.723229205892,457.0980884894757
165,165,glennweb_20210210_205652.jpg,glennweb,2021-02-10T20:56:52,True,True,False,False,False,159.93427681208166,125.05223259991351,88.27404004302204,1595.0007107886724,906.4876638696109,483.8052756517071
166,166,glennweb_20210210_215841.jpg,glennweb,2021-02-10T21:58:41,True,True,False,False,False,158.47426624137435,126.4506891288037,91.05617259082122,1712.1757641723457,989.6162458798709,495.5463550980183
167,167,glennweb_20210210_230032.jpg,glennweb,2021-02-10T23:00:32,True,True,False,False,False,160.8298411806667,126.4325599961561,83.05942511614842,1752.8183288239363,986.7273800020324,492.93929443479084
168,168,glennweb_20210211_032931.jpg,glennweb,2021-02-11T03:29:31,True,True,False,False,False,160.31564649484955,127.61467184606684,91.24229096056682,1799.9187847149547,1034.02991583588,580.1351603841343
169,169,glennweb_20210211_114054.jpg,glennweb,2021-02-11T11:40:54,True,False,False,False,False,146.97964584434447,140.18711999970432,131.02948340288071,1657.2651617934157,1653.6922285925616,1704.7010811353352
170,170,glennweb_20210211_124311.jpg,glennweb,2021-02-11T12:43:11,True,False,False,False,False,138.96049660148063,132.84912348138485,126.60350977051216,1767.7588318543337,1788.056542453342,1845.4495651858638
171,171,glennweb_20210211_150323.jpg,glennweb,2021-02-11T15:03:23,True,False,False,False,False,130.44807971643894,129.66785802726946,120.34578779489871,1563.2495551795234,1692.3573504993826,1718.4809504657408
172,172,glennweb_20210211_165859.jpg,glennweb,2021-02-11T16:58:59,True,False,False,False,False,131.6355360568305,128.65771236587952,124.59075469675746,1511.942532220433,1666.377662855391,1829.0832066713674
173,173,glennweb_20210211_222228.jpg,glennweb,2021-02-11T22:22:28,True,False,False,False,False,141.5785281583684,112.83274997320363,80.29664879009754,1776.105512296701,1168.1010676748415,609.344940184795
174,174,glennweb_20210211_232506.jpg,glennweb,2021-02-11T23:25:06,True,False,False,False,False,142.85682605272788,116.71247676107615,84.55377939746968,2524.8481361581185,1871.946381351933,896.153952494196
175,175,glennweb_20210212_002657.jpg,glennweb,2021-02-12T00:26:57,True,False,False,False,False,143.64335320577027,114.75475959032966,82.35358276752945,1975.8326343763747,1323.508195285825,711.2196064612313
176,176,glennweb_20210212_110747.jpg,glennweb,2021-02-12T11:07:47,True,False,False,False,False,101.00127513777032,100.62705361861923,98.39062459574437,1295.8559965112133,1322.3295259752338,1404.631267333002
177,177,glennweb_20210212_120937.jpg,glennweb,2021-02-12T12:09:37,True,False,False,False,False,98.97351779094393,95.62148736504793,91.77470348426776,1358.3910986327276,1339.3205124244787,1344.4921027413134
178,178,glennweb_20210212_131128.jpg,glennweb,2021-02-12T13:11:28,True,False,False,False,False,109.14216122915889,106.33640721617097,103.61764716753093,1643.8120153188133,1672.9462220365924,1692.1166214460945
179,179,glennweb_20210212_141323.jpg,glennweb,2021-02-12T14:13:23,True,False,False,False,False,110.76788426923518,104.06882047908219,100.87815226993003,1743.3866768430996,1640.4332162769654,1663.6215910240753
180,180,glennweb_20210212_151514.jpg,glennweb,2021-02-12T15:15:14,True,False,False,False,False,114.33044178903677,108.88927368891812,106.4458990460491,1580.7045531004069,1480.6128898361264,1541.405933076654
181,181,glennweb_20210212_161704.jpg,glennweb,2021-02-12T16:17:04,True,False,False,False,False,80.14776813929679,78.45576750357593,83.25058859620268,455.2393090963187,497.5187386026671,697.3871700581614
182,182,glennweb_20210212_171854.jpg,glennweb,2021-02-12T17:18:54,True,False,False,False,False,96.64778107547707,93.18242601428894,94.62749344874871,751.5736417763544,862.4880672947961,1080.319530776031
183,183,glennweb_20210212_182049.jpg,glennweb,2021-02-12T18:20:49,True,False,False,False,False,98.71767710554815,90.04522119020251,80.92459315713023,999.0592357515638,771.6215824228279,543.5921834039591
184,184,glennweb_20210212_192240.jpg,glennweb,2021-02-12T19:22:40,True,False,False,False,False,148.93644639431696,112.46374358273057,76.15617665647788,2101.670926473525,1231.1343037661836,574.4909677940136
185,185,glennweb_20210212_222736.jpg,glennweb,2021-02-12T22:27:36,True,False,False,False,False,150.13864998022612,115.08190819747264,82.15450604119619,2039.925272577485,1348.9231178132532,624.1802645040818
186,186,glennweb_20210212_235938.jpg,glennweb,2021-02-12T23:59:38,True,False,False,False,False,145.96174956294192,114.6201235220414,88.29254986897497,1985.3885442592073,1319.5983784515458,719.4576860971946
187,187,glennweb_20210213_010128.jpg,glennweb,2021-02-13T01:01:28,True,False,False,False,False,145.56747326830748,115.83756223226727,85.8015368182171,1934.265790425565,1325.862603064566,658.7045240446297
188,188,glennweb_20210213_022524.jpg,glennweb,2021-02-13T02:25:24,True,False,False,False,False,148.8368008456566,115.7362423722737,80.60588633163192,1977.6773825351956,1283.7170884286613,597.1894273168817
189,189,glennweb_20210213_121015.jpg,glennweb,2021-02-13T12:10:15,True,False,False,False,False,100.70059025942585,98.04687702127816,89.62797023939325,1332.7839747180303,1302.4448880234593,1164.8547820342933
190,190,glennweb_20210213_131204.jpg,glennweb,2021-02-13T13:12:04,True,False,False,False,False,108.94842529725494,103.24667447765552,101.06521313281021,1529.2285909047487,1443.3454993009336,1453.9883329679835
191,191,glennweb_20210213_141353.jpg,glennweb,2021-02-13T14:13:53,True,False,False,False,False,110.30717144874131,108.28269619565418,99.60229007351447,1586.967026028474,1597.2000328903462,1444.6384737564465
192,192,glennweb_20210213_155125.jpg,glennweb,2021-02-13T15:51:25,True,False,False,False,False,80.75565403479463,79.44638692484818,78.91039662328734,527.9312175467838,556.1763018991733,623.285969956048
193,193,glennweb_20210213_165315.jpg,glennweb,2021-02-13T16:53:15,True,False,False,False,False,68.22657904560558,66.96517580268998,69.2896706448501,321.7491158112177,318.22353677539076,411.02930836731053
194,194,glennweb_20210213_204325.jpg,glennweb,2021-02-13T20:43:25,True,False,False,False,False,148.19825250684693,114.47755942326812,79.72048240864285,2080.1132135090133,1422.0261218515677,646.377253030341
195,195,glennweb_20210213_214643.jpg,glennweb,2021-02-13T21:46:43,True,False,False,False,False,148.37755166155995,115.49732960278534,83.24750239319336,1999.3788530330594,1375.4910530443933,641.9231378358961
196,196,glennweb_20210213_224833.jpg,glennweb,2021-02-13T22:48:33,True,False,False,False,False,146.11677305134924,116.56412094958955,87.43625604766429,1954.6189950148234,1411.1962616202236,780.8671173013133
197,197,glennweb_20210214_001553.jpg,glennweb,2021-02-14T00:15:53,True,False,False,False,False,149.15516393836464,114.55807051327068,83.90801636611607,1985.8920496553565,1320.3820881032632,676.4959798169843
198,198,hilton_20210208_130106.jpg,hilton,2021-02-08T13:01:06,True,False,False,False,False,107.75958194008032,121.84924302253289,127.18039756019694,2925.248165920029,2363.5205653957646,1580.7325332581745
199,199,hilton_20210208_140255.jpg,hilton,2021-02-08T14:02:55,True,False,False,False,False,75.87409473560399,81.8931998050846,87.68655587854754,1914.9009055475926,1339.672729957507,925.3541413364884
200,200,hilton_20210208_150446.jpg,hilton,2021-02-08T15:04:46,True,False,False,False,False,70.63001361047166,78.893098986776,81.53521079428025,1667.6033853055462,1291.4575957480527,990.9717955031773
201,201,hilton_20210208_160636.jpg,hilton,2021-02-08T16:06:36,True,False,False,False,False,97.77114243946701,107.2587333859829,111.2261522692521,646.0084848692813,713.8108988510517,737.320101769498
202,202,hilton_20210208_170826.jpg,hilton,2021-02-08T17:08:26,True,False,False,False,False,119.41955539125905,120.6996790617176,117.86325676742896,663.9243042937788,699.4720710411184,687.1346963448883
203,203,hilton_20210208_181015.jpg,hilton,2021-02-08T18:10:15,True,False,False,False,False,143.31653588291633,146.1665518458152,125.4199250583906,2155.7979449370328,2041.0340789088816,1233.3400207159066
204,204,hilton_20210208_191209.jpg,hilton,2021-02-08T19:12:09,True,False,False,False,False,121.34096751970158,138.0632466855981,113.0411506729622,2214.3933440944033,2282.7640337317125,2371.420197637523
205,205,hilton_20210208_201401.jpg,hilton,2021-02-08T20:14:01,True,False,False,False,False,165.25241543864365,187.09954127669585,153.51892863744055,2583.3033154988107,2635.8072071224246,2791.521632700249
206,206,hilton_20210208_211550.jpg,hilton,2021-02-08T21:15:50,True,False,False,False,False,164.48547376203518,185.09890276074134,152.69729302841395,2742.428069364127,2792.289211741137,2884.9459065062565
207,207,hilton_20210208_221745.jpg,hilton,2021-02-08T22:17:45,True,False,False,False,False,168.28486213096298,187.44549930267337,154.37245643808916,2599.652373973649,2634.8706917310205,2785.6297637590665
208,208,hilton_20210208_223646.jpg,hilton,2021-02-08T22:36:46,True,False,False,False,False,167.19350394031557,187.52415438643658,152.34330314385093,2607.8873457668633,2647.240628569715,2801.645371153664
209,209,hilton_20210208_233837.jpg,hilton,2021-02-08T23:38:37,True,False,False,False,False,164.38947792919194,186.27232705459312,154.39712331759446,2626.7292405202097,2658.6699947142006,2799.4206036918317
210,210,hilton_20210209_004027.jpg,hilton,2021-02-09T00:40:27,True,False,False,False,False,173.51321559995296,186.246971249979,161.13694486918826,2320.5254962097465,2512.0759164647693,2657.9206879054345
211,211,hilton_20210209_113600.jpg,hilton,2021-02-09T11:36:00,True,False,False,False,False,143.2845764790886,138.3894107169862,127.73775477626737,1099.4092452531406,1028.2406265292261,872.7891072335993
212,212,hilton_20210209_123744.jpg,hilton,2021-02-09T12:37:44,True,False,False,False,False,136.28079579251593,129.76904205803774,117.32634886495387,1320.5671134291883,1212.4177319760006,978.8552694763306
213,213,hilton_20210209_140007.jpg,hilton,2021-02-09T14:00:07,True,False,False,False,False,140.49174130022013,134.3197620687917,121.68084284105994,874.8104143775151,806.7107846660545,668.7811390607616
214,214,hilton_20210209_150157.jpg,hilton,2021-02-09T15:01:57,True,True,False,False,False,151.7667064338884,150.51706349873137,142.8299531194865,412.0759657911398,411.71201119111856,386.28009217430144
215,215,hilton_20210209_160346.jpg,hilton,2021-02-09T16:03:46,True,True,False,False,False,159.89701409776015,156.21832204728378,152.9281837581705,993.8044091107013,975.9339025362465,951.052292060263
216,216,hilton_20210209_170538.jpg,hilton,2021-02-09T17:05:38,True,True,False,False,False,164.45094349133802,164.68074202275133,159.33879992606657,856.4903975521812,877.919313400976,845.3794595649811
217,217,hilton_20210209_180728.jpg,hilton,2021-02-09T18:07:28,True,True,False,False,False,151.2074504730059,154.8512257826021,143.1171844807017,1686.2103879229796,1681.2476728291156,956.2461101848602
218,218,hilton_20210209_190917.jpg,hilton,2021-02-09T19:09:17,True,True,False,False,False,142.54549426175794,157.21909498764975,160.70515685648513,2772.1596806460143,3315.8035424269656,3596.67426255374
219,219,hilton_20210209_214756.jpg,hilton,2021-02-09T21:47:56,True,True,False,False,False,146.73738510913583,164.50163829751483,173.9427688068153,2416.179298504036,2752.4822826990066,2908.831735428495
220,220,hilton_20210209_224948.jpg,hilton,2021-02-09T22:49:48,True,True,False,False,False,147.08675415455446,173.31411624350983,175.92979685110816,1904.5130154470455,2317.541880109284,2546.096326705828
221,221,hilton_20210209_235142.jpg,hilton,2021-02-09T23:51:42,True,True,False,False,False,150.0637339740897,172.39527498193672,173.0501403054795,1778.0075152829847,2111.7752348449067,2390.147537199073
222,222,hilton_20210210_113600.jpg,hilton,2021-02-10T11:36:00,True,True,False,False,False,157.40352528019088,153.07164821131516,145.9341488414296,2827.072342856119,2743.968519349167,2588.7278565911574
223,223,hilton_20210210_123749.jpg,hilton,2021-02-10T12:37:49,True,True,False,False,False,164.92015189958497,164.8288777241947,159.5770671954027,821.7213812415241,841.2251657745903,825.8075173711337
224,224,hilton_20210210_134301.jpg,hilton,2021-02-10T13:43:01,True,True,False,False,False,169.09503805891148,169.30393359434072,163.0816460269185,905.8484442850938,925.9934879630597,914.4400430486651
225,225,hilton_20210210_144450.jpg,hilton,2021-02-10T14:44:50,True,True,False,False,False,121.51545040579369,129.38463865037892,134.37326298455798,2062.878094590289,1888.819992886498,1743.5343258794053
226,226,hilton_20210210_154640.jpg,hilton,2021-02-10T15:46:40,True,True,False,False,False,141.48251642498278,144.07316048594424,142.9210928704653,512.5573918024667,571.191092017613,635.2148178065247
227,227,hilton_20210210_164834.jpg,hilton,2021-02-10T16:48:34,True,True,False,False,False,150.8461008519147,150.36776838673904,142.87963974257724,881.9336857107302,909.4673710503492,856.2601928902271
228,228,hilton_20210210_175034.jpg,hilton,2021-02-10T17:50:34,True,True,False,False,False,157.9323677179776,158.88740275233982,155.0755969284022,647.55607648858,692.2138437962029,727.381595439973
229,229,hilton_20210210_185237.jpg,hilton,2021-02-10T18:52:37,True,True,False,False,False,166.59368541327106,175.69606640565928,156.417270176264,3221.728528337982,3408.622795845371,3647.030647584777
230,230,hilton_20210210_195427.jpg,hilton,2021-02-10T19:54:27,False,False,False,False,True,178.43014131366257,167.08762791322906,147.04852721254179,3406.4617110969293,4407.105372278872,5015.267014827183
231,231,hilton_20210210_205618.jpg,hilton,2021-02-10T20:56:18,True,True,False,False,False,175.1915547863492,181.7605565170635,163.42720077966158,2756.4506960737253,3015.349183041825,3366.558312425484
232,232,hilton_20210210_215808.jpg,hilton,2021-02-10T21:58:08,True,True,False,False,False,181.97531631744326,182.71875052509534,168.2022751331642,2330.7194518789224,2612.9653764100117,2945.5272463486463
233,233,hilton_20210210_225958.jpg,hilton,2021-02-10T22:59:58,True,True,False,False,False,167.36220657671433,173.36694503721876,162.11263085376305,2267.9077558690096,2500.231893103645,2847.0641042358343
234,234,hilton_20210211_032858.jpg,hilton,2021-02-11T03:28:58,True,False,False,False,False,180.01283753129567,185.57891553106043,164.77144489439283,3247.939008151598,3548.338306306325,3819.6041401618722
235,235,hilton_20210211_113958.jpg,hilton,2021-02-11T11:39:58,True,False,False,False,False,141.25537277569606,133.2688824290491,123.32366037672442,927.9671810285982,839.3883915005184,722.367376099735
236,236,hilton_20210211_124238.jpg,hilton,2021-02-11T12:42:38,True,False,False,False,False,150.42232789474568,144.5608354477173,130.8781946801539,1291.0108247054168,1296.3005392983307,1094.4033073989958
237,237,hilton_20210211_150250.jpg,hilton,2021-02-11T15:02:50,True,False,False,False,False,127.646127736797,119.31083964848017,107.02811150504931,941.1260640555331,860.550716269433,738.4525056618227
238,238,hilton_20210211_165826.jpg,hilton,2021-02-11T16:58:26,True,False,False,False,False,123.60539714012064,117.24119100028565,108.24557659670997,752.5687689486093,707.573705650562,646.163660007714
239,239,hilton_20210211_222153.jpg,hilton,2021-02-11T22:21:53,True,False,False,False,False,109.45148118898392,121.62703947036782,97.43009090450826,1667.3867583878011,1909.7507732442366,1674.8838975216877
240,240,hilton_20210211_232432.jpg,hilton,2021-02-11T23:24:32,True,False,False,False,False,110.43136793641726,121.47060306151597,100.37128022448877,1594.2751654652984,1822.0380894939951,1608.5605194186094
241,241,hilton_20210212_002623.jpg,hilton,2021-02-12T00:26:23,True,False,False,False,False,109.1469090786887,121.02226404315023,97.48900240283635,1595.794743567372,1851.3032362701063,1618.7498706513306
242,242,hilton_20210212_110714.jpg,hilton,2021-02-12T11:07:14,True,False,False,False,False,126.25320518206107,123.13817149194294,115.79276796666275,857.6102271959322,793.0517503036606,694.8419203759321
243,243,hilton_20210212_120904.jpg,hilton,2021-02-12T12:09:04,True,False,False,False,False,112.3772957169022,120.258195688337,117.35252801908827,1933.8987482058149,1521.491145884983,962.8034204654366
244,244,hilton_20210212_131054.jpg,hilton,2021-02-12T13:10:54,True,False,False,False,False,109.02764101960916,110.30159797019138,101.04385596424311,4613.384529943419,3180.9442242540795,1506.7827791563748
245,245,hilton_20210212_141245.jpg,hilton,2021-02-12T14:12:45,True,False,False,False,False,71.36672659755011,71.43437568262397,69.74094735603985,2761.1651436158227,1860.0251365958443,1126.7653989109617
246,246,hilton_20210212_151441.jpg,hilton,2021-02-12T15:14:41,True,False,False,False,False,66.46073967032413,69.63616352729656,68.24423235259523,1375.8904864187607,928.8370750736235,568.5386568103612
247,247,hilton_20210212_161631.jpg,hilton,2021-02-12T16:16:31,True,False,False,False,False,71.69956144035757,77.83687597667736,77.83922840387814,509.80233156711296,488.06973924993844,454.9011096292962
248,248,hilton_20210212_171821.jpg,hilton,2021-02-12T17:18:21,True,False,False,False,False,91.17265135348579,92.32668492598256,87.88629375094517,683.6061870069219,686.8131768129492,615.3264253156898
249,249,hilton_20210212_182015.jpg,hilton,2021-02-12T18:20:15,True,False,False,False,False,120.41493455211466,123.0631458672895,101.67020650950212,2936.888169075162,2822.9468972801023,1542.2472088982574
250,250,hilton_20210212_192207.jpg,hilton,2021-02-12T19:22:07,True,False,False,False,False,91.83549812645977,103.312032665132,79.6862366205703,1681.7645476897155,1993.7717734513217,1448.0702047689733
251,251,hilton_20210212_222703.jpg,hilton,2021-02-12T22:27:03,True,False,False,False,False,105.49022902559105,110.59590341606035,84.41241409439954,1581.1306196659282,1818.1632732554706,1361.1861897142987
252,252,hilton_20210212_235905.jpg,hilton,2021-02-12T23:59:05,True,False,False,False,False,113.85344378539143,124.12603968880748,99.4774082973468,1913.4402187202154,2192.3609896374614,1862.7428608111804
253,253,hilton_20210213_010055.jpg,hilton,2021-02-13T01:00:55,True,False,False,False,False,102.63984339556063,111.58760270865189,87.96720044360056,1683.2460874656033,1807.9194047229757,1404.0861992382488
254,254,hilton_20210213_022451.jpg,hilton,2021-02-13T02:24:51,True,False,False,False,False,98.96015996504966,110.92767966662745,88.25490229025591,1580.8181496358297,1809.8863564815279,1429.7094942660733
255,255,hilton_20210213_120942.jpg,hilton,2021-02-13T12:09:42,True,False,False,False,False,76.31085645153159,80.19199166568649,79.7431821618806,1789.7525776829712,1275.7825736095958,772.7347772110663
256,256,hilton_20210213_131131.jpg,hilton,2021-02-13T13:11:31,True,False,False,False,False,74.42513400433519,74.41943776989902,70.6162519113471,3464.0326094224174,2219.3158804696077,1185.6006916329432
257,257,hilton_20210213_141320.jpg,hilton,2021-02-13T14:13:20,True,False,False,False,False,65.91302740577689,69.78976022045603,70.8752373431015,2263.7960417026916,1607.9599999979557,943.7986429397364
258,258,hilton_20210213_155052.jpg,hilton,2021-02-13T15:50:52,True,False,False,False,False,65.97571959067767,72.10444776771462,71.99932787794263,462.5484837734366,499.02173899275584,493.5886944552471
259,259,hilton_20210213_165242.jpg,hilton,2021-02-13T16:52:42,True,False,False,False,False,82.78510577520878,87.33199469023575,86.34842807453833,540.6088874323113,590.0979693329242,564.9728461923676
260,260,hilton_20210213_204252.jpg,hilton,2021-02-13T20:42:52,True,False,False,False,False,84.53962999680742,96.50785542654546,74.52702770823181,1244.1611208081013,1469.70437681831,1121.2282152795408
261,261,hilton_20210213_214610.jpg,hilton,2021-02-13T21:46:10,True,False,False,False,False,100.92794851545041,114.24031724161108,89.61233680036294,1261.2399819070497,1450.2577753232151,1114.5264601401573
262,262,hilton_20210213_224800.jpg,hilton,2021-02-13T22:48:00,True,False,False,False,False,96.9925730512661,106.82247576159831,82.08305748323896,1574.089034619136,1819.6448415711072,1363.4565968252373
263,263,hilton_20210214_001520.jpg,hilton,2021-02-14T00:15:20,True,False,False,False,False,97.0734797439215,107.60746391544704,83.58467897770235,1571.2761526570634,1750.0876609233067,1312.2909870161452
264,264,potterws_20210208_130044.jpg,potterws,2021-02-08T13:00:44,False,True,False,False,False,83.0463060042499,78.76741591302836,73.10763805177257,442.913373507689,327.1646232798273,249.8136521957763
265,265,potterws_20210208_140233.jpg,potterws,2021-02-08T14:02:33,False,False,False,False,True,38.95280252527235,35.4430440072439,34.28038708881625,966.937494416579,975.463360914052,878.9973430932087
266,266,potterws_20210208_150424.jpg,potterws,2021-02-08T15:04:24,False,True,False,False,False,162.39938438076442,148.88311644622863,129.4761293361068,1051.5189740374922,751.2085779002481,485.2524297933272
267,267,potterws_20210208_160614.jpg,potterws,2021-02-08T16:06:14,False,True,False,False,False,134.33205873613034,121.6333196902841,108.97580134225177,1239.400588826638,831.8283280597034,485.5683463984771
268,268,potterws_20210208_170803.jpg,potterws,2021-02-08T17:08:03,False,True,False,False,False,85.94060227521207,88.75413356358315,92.96746973766098,147.38074054006066,130.66700081875257,142.10872160564432
269,269,potterws_20210208_180954.jpg,potterws,2021-02-08T18:09:54,False,False,True,False,False,176.05272010630364,159.9760984990777,131.35120012110542,1039.6026355727022,774.3947762515716,337.2386739831578
270,270,potterws_20210208_191147.jpg,potterws,2021-02-08T19:11:47,True,True,False,False,False,170.93080170668938,164.25279075113397,135.40201393833715,819.5389693405021,863.9054111888158,827.4871678520797
271,271,potterws_20210208_201339.jpg,potterws,2021-02-08T20:13:39,False,False,True,False,False,172.42812449188986,163.77076873910192,135.60485991578688,822.2575948346504,841.1508764999309,812.790919938242
272,272,potterws_20210208_211529.jpg,potterws,2021-02-08T21:15:29,False,False,True,False,False,171.45334918169738,163.04047500238286,135.81963141340123,836.6555565067046,856.291509786315,844.3693801901193
273,273,potterws_20210208_221723.jpg,potterws,2021-02-08T22:17:23,False,False,True,False,False,172.30281962580668,164.52813178064218,136.44580251966562,825.9547913006508,856.4863061096042,839.5331910160877
274,274,potterws_20210208_223624.jpg,potterws,2021-02-08T22:36:24,False,False,True,False,False,172.2153770247313,164.04864961846184,133.24577112196326,833.6224678984953,847.6636233355607,777.9422597535772
275,275,potterws_20210208_233816.jpg,potterws,2021-02-08T23:38:16,False,False,True,False,False,170.18799934961902,162.51507930723213,134.94796952180178,817.6305342308286,838.2267513705839,813.5471619121332
276,276,potterws_20210209_004006.jpg,potterws,2021-02-09T00:40:06,False,False,True,False,False,170.37524739707442,162.38932029581122,136.93950335562943,798.0370573748638,826.1323097904734,824.0217386545368
277,277,potterws_20210209_113540.jpg,potterws,2021-02-09T11:35:40,False,False,True,False,False,136.53931160537573,135.17536177441872,136.3405697561632,262.432770324007,199.24031134063426,187.5634360933486
278,278,potterws_20210209_123723.jpg,potterws,2021-02-09T12:37:23,False,False,True,False,False,144.22958448504966,139.79054368485677,139.31315844065554,300.5819506635915,203.32136743149348,198.0366727880354
279,279,potterws_20210209_135945.jpg,potterws,2021-02-09T13:59:45,False,False,True,False,False,138.35325218522402,136.40138598428993,130.00513576702906,273.4255136948365,208.23478067799232,179.55552793351202
280,280,potterws_20210209_150134.jpg,potterws,2021-02-09T15:01:34,False,True,True,False,False,128.08988152974092,129.33813082749765,128.83306514462566,198.23783820762137,135.72173789677598,112.51085004578505
281,281,potterws_20210209_160325.jpg,potterws,2021-02-09T16:03:25,False,True,True,False,False,125.91268074704105,123.49441849773207,119.70848915377586,176.53428847734833,105.4771368301468,90.7478735153219
282,282,potterws_20210209_170516.jpg,potterws,2021-02-09T17:05:16,False,True,False,False,False,116.10347785620974,115.4214917272661,113.0117685316528,137.8513106448628,84.30216889671301,73.47673653320061
283,283,potterws_20210209_180706.jpg,potterws,2021-02-09T18:07:06,False,True,False,False,False,177.28247279333024,169.87718452317543,150.09890276243712,551.7158717527163,423.235537304284,150.93303517815733
284,284,potterws_20210209_190855.jpg,potterws,2021-02-09T19:08:55,False,True,False,False,False,184.57748784740716,178.989997589105,165.35444641926026,513.1290183688047,544.3192370117177,713.1369926959255
285,285,potterws_20210209_214734.jpg,potterws,2021-02-09T21:47:34,False,True,False,False,False,183.17809785991017,179.70450837365507,166.22139304877297,501.74232422321506,531.5184585119549,750.3680082793672
286,286,potterws_20210209_224926.jpg,potterws,2021-02-09T22:49:26,False,True,False,False,False,187.32344679491132,184.46506164602454,179.2126465459724,520.8484986731576,555.6666659096486,825.2215722088333
287,287,potterws_20210209_235119.jpg,potterws,2021-02-09T23:51:19,False,True,False,False,False,185.61075259171213,181.19984076879516,173.75341029508235,515.3881456779359,551.2057619015673,803.9895587960551
288,288,potterws_20210210_113538.jpg,potterws,2021-02-10T11:35:38,False,True,True,False,False,123.60001009211862,124.2485576680478,126.22229573271585,184.73546493819606,115.68942593483915,105.87595899678333
289,289,potterws_20210210_123727.jpg,potterws,2021-02-10T12:37:27,False,True,False,False,False,81.71803181260057,80.7965821358287,82.80997101319264,102.66979450140727,69.31044364095605,53.917179295178414
290,290,potterws_20210210_134240.jpg,potterws,2021-02-10T13:42:40,False,True,True,False,False,70.73727972549437,71.15084353291432,72.94747052260354,107.42436491630389,82.46867633785314,65.64241858366238
291,291,potterws_20210210_144428.jpg,potterws,2021-02-10T14:44:28,False,True,True,False,False,113.56982905072411,110.91073521084118,106.4917328728337,390.5182614872853,309.95610946187594,222.0365169862747
292,292,potterws_20210210_154618.jpg,potterws,2021-02-10T15:46:18,False,True,True,False,False,125.56676216801135,119.04849262995005,118.67829129218366,293.13381745311034,202.86280654666518,151.19205680771825
293,293,potterws_20210210_164812.jpg,potterws,2021-02-10T16:48:12,False,True,True,False,False,120.2349725550441,121.33240635354935,120.7438059621994,207.563434769539,141.2171186133267,116.19410210777673
294,294,potterws_20210210_175002.jpg,potterws,2021-02-10T17:50:02,False,True,True,False,False,120.86799508850227,117.86128943635518,114.63069013271136,163.4329691369764,104.99227000148814,93.24129094093064
295,295,potterws_20210210_185215.jpg,potterws,2021-02-10T18:52:15,True,True,False,False,False,177.96853501684822,175.86913886194543,169.2428444075646,562.1568843303855,590.6255975433417,788.0685741528234
296,296,potterws_20210210_195405.jpg,potterws,2021-02-10T19:54:05,True,True,False,False,False,179.50023267940142,177.28622369741586,170.08984788934552,564.6953987807814,578.5423856660906,769.5100342995971
297,297,potterws_20210210_205556.jpg,potterws,2021-02-10T20:55:56,True,True,False,False,False,180.29093335277,178.0483917087639,169.40099351301043,577.9583277826201,591.4329761722928,791.247379939949
298,298,potterws_20210210_215747.jpg,potterws,2021-02-10T21:57:47,True,True,False,False,False,180.6970906664723,177.75993653178736,170.7804908133687,582.4039483751511,608.5309474956493,821.1442387785969
299,299,potterws_20210210_225936.jpg,potterws,2021-02-10T22:59:36,True,True,False,False,False,178.4906619869139,176.35552291191263,169.2630566784595,567.2950189649927,604.0836204475048,814.9828709092438
300,300,potterws_20210211_032837.jpg,potterws,2021-02-11T03:28:37,True,True,False,False,False,181.8577011275139,176.64722999377653,172.5164865971058,638.9874827150957,664.5727224834371,915.182722131238
301,301,potterws_20210211_113931.jpg,potterws,2021-02-11T11:39:31,False,True,True,False,False,102.90072719321361,102.39620536340037,99.00168201976933,245.90772594113517,207.6500824290045,201.0218914614737
302,302,potterws_20210211_124216.jpg,potterws,2021-02-11T12:42:16,False,True,True,False,False,127.24525530256733,127.9165381790454,122.79704749463156,341.71712238543927,294.6610538825685,296.557665385775
303,303,potterws_20210211_150228.jpg,potterws,2021-02-11T15:02:28,False,True,True,False,False,126.06144418217396,122.45433596662873,117.78103466642744,300.48787338432214,249.313429466072,257.9283489174109
304,304,potterws_20210211_165801.jpg,potterws,2021-02-11T16:58:01,False,True,True,False,False,126.96518219077468,126.08503731280521,119.57305292194867,329.35315003843255,298.01117555844,306.19464000265464
305,305,potterws_20210211_222131.jpg,potterws,2021-02-11T22:21:31,False,True,True,False,False,158.8015665210785,152.87291779969388,133.71276709072254,1004.5569674434648,1026.101053251893,996.8155948914689
306,306,potterws_20210211_232410.jpg,potterws,2021-02-11T23:24:10,False,True,True,False,False,158.4963864608622,153.56141334514484,134.19750276131577,1026.025325168477,1034.1863709241802,1014.8163109254466
307,307,potterws_20210212_002601.jpg,potterws,2021-02-12T00:26:01,False,True,True,False,False,158.9873007507415,153.69804941774083,133.49001160593642,1032.94216787791,1052.2014468251452,1024.7063555435222
308,308,potterws_20210212_110652.jpg,potterws,2021-02-12T11:06:52,False,True,True,False,False,69.68761528843835,69.70554001244695,71.97416978307551,135.59322691798266,126.15895230304217,127.81076156355304
309,309,potterws_20210212_120841.jpg,potterws,2021-02-12T12:08:41,False,True,True,False,False,56.59877661095443,57.24882679121089,60.243399474088484,227.86092529621214,191.2511595676428,165.50542755277826
310,310,potterws_20210212_131033.jpg,potterws,2021-02-12T13:10:33,False,True,True,False,False,78.55546460189396,78.83081684486731,74.17629809875699,399.3485905595282,359.8403308997901,300.7116652701194
311,311,potterws_20210212_141223.jpg,potterws,2021-02-12T14:12:23,False,True,True,False,False,93.4805138009722,91.03659514344825,88.45570400937446,272.211225383446,264.74913876942713,230.1415772272805
312,312,potterws_20210212_151419.jpg,potterws,2021-02-12T15:14:19,False,True,True,False,False,118.8978733663383,112.47543970800137,104.39405237809562,697.0210799877093,586.4980665947561,437.99443369625345
313,313,potterws_20210212_161609.jpg,potterws,2021-02-12T16:16:09,False,False,True,False,False,135.74757368648272,121.35929063619595,107.56482784527661,1654.8861063065247,1062.8284055991705,649.0934568199679
314,314,potterws_20210212_171759.jpg,potterws,2021-02-12T17:17:59,False,True,True,False,False,80.47930274673828,82.1448219021401,86.83281844839283,187.60111936223183,171.01036264496332,193.51505677093795
315,315,potterws_20210212_181953.jpg,potterws,2021-02-12T18:19:53,False,False,True,False,False,183.62048027271146,166.89264228485567,132.95486580285606,1525.3048566059074,1164.5676161545125,559.8177625196263
316,316,potterws_20210212_192145.jpg,potterws,2021-02-12T19:21:45,False,False,True,False,False,164.52468364011506,155.0948547015256,127.99422506545861,1031.256842065489,1015.7893284152548,922.9245168500111
317,317,potterws_20210212_222640.jpg,potterws,2021-02-12T22:26:40,False,False,True,False,False,164.13171896813694,156.9806063120595,127.23808429161737,1030.4162579897707,1022.8779129343586,920.1833176642394
318,318,potterws_20210212_235843.jpg,potterws,2021-02-12T23:58:43,False,False,True,False,False,165.75176191570839,156.8976210633729,125.90815611386152,1014.0295713586681,1028.8583714719198,878.1432436366455
319,319,potterws_20210213_010033.jpg,potterws,2021-02-13T01:00:33,False,False,True,False,False,166.60480384846124,157.4596735760301,125.11199448297516,1029.517564233883,1030.3637715491716,867.4726190180512
320,320,potterws_20210213_022430.jpg,potterws,2021-02-13T02:24:30,False,False,True,False,False,166.81826897738804,157.09575738546846,130.11293641404598,966.840833566185,975.1717597829834,895.5201316562393
321,321,potterws_20210213_120920.jpg,potterws,2021-02-13T12:09:20,False,False,True,False,False,76.91315171257646,75.61245703841172,70.8132285248126,704.4107308377459,593.4380239797265,490.43795460014786
322,322,potterws_20210213_131109.jpg,potterws,2021-02-13T13:11:09,False,False,True,False,False,85.14907741215652,84.18151236004194,79.53702405848944,335.77487388040936,276.3929406687487,236.84314471329841
323,323,potterws_20210213_141258.jpg,potterws,2021-02-13T14:12:58,False,True,True,False,False,94.89653896398795,90.34443279490011,83.85504353627836,197.9125452519524,162.79771920666803,122.32939719543914
324,324,potterws_20210213_155030.jpg,potterws,2021-02-13T15:50:30,False,True,True,False,False,148.4342077967223,135.38356778820008,122.14858401969084,1359.463756462548,971.5873184706719,626.118208844588
325,325,potterws_20210213_165220.jpg,potterws,2021-02-13T16:52:20,False,False,True,False,False,105.25378314279787,98.33378000302764,95.26319124004104,1521.8401451012546,890.058116075398,494.43732108529525
326,326,potterws_20210213_204230.jpg,potterws,2021-02-13T20:42:30,False,False,True,False,False,170.70830413160124,160.7481455732043,130.94928149722188,983.2046302121626,973.3733618481378,878.6447697619036
327,327,potterws_20210213_214548.jpg,potterws,2021-02-13T21:45:48,False,False,True,False,False,170.30374473667982,162.03507571892328,132.4903311896926,963.5026695273544,974.8293734829718,889.5215022462623
328,328,potterws_20210213_224738.jpg,potterws,2021-02-13T22:47:38,False,False,True,False,False,168.23422685961302,158.3965641942845,132.81196140325304,956.3936651699275,944.5309969024947,914.8395272489576
329,329,potterws_20210214_001458.jpg,potterws,2021-02-14T00:14:58,False,False,True,False,False,168.0961947106085,159.2033505833805,128.8895249415498,951.3584136722983,957.5636822647353,844.7903541742028
330,330,searsmall_20210208_130117.jpg,searsmall,2021-02-08T13:01:17,False,False,False,True,False,38.86924159446583,42.20722630088676,43.40192271825565,1237.8517369093493,1156.7161749122668,989.848716016951
331,331,searsmall_20210208_140306.jpg,searsmall,2021-02-08T14:03:06,True,False,False,False,False,34.31287407382288,37.54351548856373,39.023432069041526,614.5874893558002,579.8212086929009,519.873812999213
332,332,searsmall_20210208_150457.jpg,searsmall,2021-02-08T15:04:57,False,False,False,True,False,36.54387154749996,40.553603825090285,43.24339171569542,763.2229646547219,707.0244541532915,614.3546196429438
333,333,searsmall_20210208_160647.jpg,searsmall,2021-02-08T16:06:47,False,False,False,True,False,40.31701113955815,43.31745197443158,45.418979636819884,416.32082339008264,350.3110148812749,276.3946420623365
334,334,searsmall_20210208_170837.jpg,searsmall,2021-02-08T17:08:37,False,False,False,True,False,32.85638956238661,38.11911019176317,43.98265484324929,475.22588751239283,489.54862325408817,569.9852363706514
335,335,searsmall_20210208_181027.jpg,searsmall,2021-02-08T18:10:27,False,False,False,True,False,115.6480272639414,90.95915495345801,63.383475474321365,2921.6577832444123,1835.0382441934057,1185.703520493689
336,336,searsmall_20210208_191220.jpg,searsmall,2021-02-08T19:12:20,False,False,False,False,True,133.61014937520133,121.97166788178843,105.91963241153631,3328.994611040947,2720.8434808496318,2649.2022085425433
337,337,searsmall_20210208_201412.jpg,searsmall,2021-02-08T20:14:12,False,False,False,True,False,122.73477000288239,106.53371539022363,83.67296834466505,2902.397802729023,1577.7665560105552,948.1210975674716
338,338,searsmall_20210208_211601.jpg,searsmall,2021-02-08T21:16:01,False,False,False,True,False,123.7582868478611,106.36482476813781,82.57383136370572,3222.995678755203,1783.3571790885564,1215.1166898612512
339,339,searsmall_20210208_221756.jpg,searsmall,2021-02-08T22:17:56,False,False,False,True,False,132.88239881991896,118.21755201003747,97.1161260787738,4182.50794890071,2984.3003033310024,2726.435844156166
340,340,searsmall_20210208_223657.jpg,searsmall,2021-02-08T22:36:57,False,False,False,True,False,124.04516861933908,107.72603808135099,85.14591634310517,3096.1264801166194,1676.5926062381263,998.8505780693337
341,341,searsmall_20210208_233848.jpg,searsmall,2021-02-08T23:38:48,False,False,False,True,False,135.11437969446752,116.80091218908424,91.69719730751623,2968.5319248305523,1629.4139661731165,989.537246252309
342,342,searsmall_20210209_004038.jpg,searsmall,2021-02-09T00:40:38,False,False,True,True,False,134.05011953407146,111.46618287865172,86.34917513013106,3267.320399577091,1787.8633971710522,1041.6717660077331
343,343,searsmall_20210209_113611.jpg,searsmall,2021-02-09T11:36:11,False,False,False,True,False,57.19952864578918,59.635361738924026,59.80404889876058,86.84999655633959,81.31118007353975,74.02411694201285
344,344,searsmall_20210209_123755.jpg,searsmall,2021-02-09T12:37:55,False,False,False,True,False,58.04786449414198,62.049627833635704,64.76013496329202,137.88761895815523,133.9995547454339,133.31378336909225
345,345,searsmall_20210209_140018.jpg,searsmall,2021-02-09T14:00:18,False,False,False,True,False,62.63259804337137,66.09060852167721,68.20424218789739,197.56590934064351,186.54798806456802,179.57479269917408
346,346,searsmall_20210209_150207.jpg,searsmall,2021-02-09T15:02:07,True,True,True,True,False,78.59590701775208,81.8810932704861,84.6479424880042,353.3530282296087,328.6349227200515,320.172296543192
347,347,searsmall_20210209_160358.jpg,searsmall,2021-02-09T16:03:58,True,True,True,True,False,86.09576289865885,88.79180725342918,90.33427152037166,461.58726209580317,430.7333559616958,410.3667888057761
348,348,searsmall_20210209_170549.jpg,searsmall,2021-02-09T17:05:49,False,False,False,False,True,113.84896319028807,116.91900506960104,122.01397107445023,165.8589424049083,116.92195675100432,105.152282809723
349,349,searsmall_20210209_180739.jpg,searsmall,2021-02-09T18:07:39,False,False,False,False,True,170.6218654097221,155.79351972736058,138.01595483138067,2240.22331410108,1773.8205375343734,1282.4495835213152
350,350,searsmall_20210209_190928.jpg,searsmall,2021-02-09T19:09:28,False,False,False,False,True,164.78689024907172,164.84725071635668,163.26311059868766,3556.097397777863,3453.370299287944,4047.0882017282343
351,351,searsmall_20210209_214808.jpg,searsmall,2021-02-09T21:48:08,False,False,False,False,True,190.40817918242087,182.5472625849879,173.98253615693721,4048.1838873897905,4236.591040972962,4991.514234087415
352,352,searsmall_20210209_224959.jpg,searsmall,2021-02-09T22:49:59,False,False,False,False,True,176.04869529832652,160.7134912426457,137.30185320198714,3566.6303285424165,3185.3682594655425,2992.728820553841
353,353,searsmall_20210209_235152.jpg,searsmall,2021-02-09T23:51:52,True,False,False,False,False,161.57220366571153,142.3448176469591,118.4520422523271,2548.7940668829506,1423.9731165925803,812.8530341564067
354,354,searsmall_20210210_113611.jpg,searsmall,2021-02-10T11:36:11,True,False,False,False,False,86.09889960833517,91.71221960358771,95.9761949168348,1134.65369230717,1092.2835331784481,1084.9583508988492
355,355,searsmall_20210210_123800.jpg,searsmall,2021-02-10T12:38:00,True,False,False,False,False,78.72132453924279,82.38166126926534,84.73772020549687,852.5682987186455,828.2944574310999,803.3377268834472
356,356,searsmall_20210210_134312.jpg,searsmall,2021-02-10T13:43:12,True,False,False,False,False,69.65148612217908,71.52184675901592,69.78773800844368,595.9578035782463,562.7822547084726,491.16512135044184
357,357,searsmall_20210210_144501.jpg,searsmall,2021-02-10T14:45:01,True,False,False,True,False,62.44948201902372,63.98652062598552,62.71064277115583,757.2079932124261,689.4089808897686,593.0884184121898
358,358,searsmall_20210210_154652.jpg,searsmall,2021-02-10T15:46:52,False,False,False,True,False,60.99476084708117,63.31534953118907,62.90320283490734,457.797341106186,417.81030221043784,349.83238754445625
359,359,searsmall_20210210_164845.jpg,searsmall,2021-02-10T16:48:45,False,False,False,True,False,54.51140236355313,56.68239542888146,59.45166923820343,372.29134237458265,334.3270084466303,308.08587773891554
360,360,searsmall_20210210_175046.jpg,searsmall,2021-02-10T17:50:46,False,False,False,True,False,81.49324335780533,74.96059614439038,66.46623374421404,1582.6706125481624,974.3071673890634,698.6078689788162
361,361,searsmall_20210210_185248.jpg,searsmall,2021-02-10T18:52:48,False,False,False,True,False,119.43152647552519,100.46799708370776,77.572491903898,1639.9532413176116,946.9799139438699,622.4075486336643
362,362,searsmall_20210210_195438.jpg,searsmall,2021-02-10T19:54:38,False,False,False,False,True,164.2307601010529,155.6844639617491,144.4585869546788,2678.5595441602045,2988.3746057805006,3528.0952135274724
363,363,searsmall_20210210_205629.jpg,searsmall,2021-02-10T20:56:29,False,False,False,True,False,117.61783007511148,100.6768849929636,79.0968141202801,1914.3367959764157,1050.176968027788,740.7981008727378
364,364,searsmall_20210210_215819.jpg,searsmall,2021-02-10T21:58:19,False,False,False,False,False,113.9991861510029,98.91561403211313,77.57145763746418,1947.8557446029138,1098.0648876894797,794.0297663878144
365,365,searsmall_20210210_230010.jpg,searsmall,2021-02-10T23:00:10,False,False,False,True,False,107.07461977992166,92.49131046643721,71.86315468217501,1620.7055154944735,873.0752351958163,576.9407504610087
366,366,searsmall_20210211_032909.jpg,searsmall,2021-02-11T03:29:09,False,False,False,True,False,125.99164109259227,108.7955373946659,85.10908967598637,1947.091725513465,1009.1661334617793,652.5775634891182
367,367,searsmall_20210211_114026.jpg,searsmall,2021-02-11T11:40:26,False,False,False,True,False,53.221502568710896,55.83504298140016,56.12872378304142,384.3226282311054,383.3440399661921,381.6747101347793
368,368,searsmall_20210211_124249.jpg,searsmall,2021-02-11T12:42:49,False,False,False,True,False,61.701876939249566,64.16461791485105,64.48875023313383,587.0460520222932,621.6479886852051,608.7593090045556
369,369,searsmall_20210211_150301.jpg,searsmall,2021-02-11T15:03:01,False,False,False,True,False,42.95238983366961,45.064141474083996,47.30760101052917,579.8908477704429,610.5557292053704,669.8860866150151
370,370,searsmall_20210211_165837.jpg,searsmall,2021-02-11T16:58:37,False,False,False,True,False,59.883280489665815,61.55443462927483,60.82614150799437,531.9012615149605,498.6150661696997,459.3955349365533
371,371,searsmall_20210211_222204.jpg,searsmall,2021-02-11T22:22:04,False,False,False,True,False,125.75450584106207,106.68164940063413,82.68756676105055,2180.4026940109657,1077.3319088005273,695.5811694451564
372,372,searsmall_20210211_232443.jpg,searsmall,2021-02-11T23:24:43,False,False,True,True,False,129.49910985265942,110.2205191678394,85.12692653317282,2165.5220451901064,1070.4921400448136,692.8843796600937
373,373,searsmall_20210212_002634.jpg,searsmall,2021-02-12T00:26:34,False,False,True,True,False,136.0178538123739,116.73621119381475,91.04711846589464,2374.8085623685643,1198.0300102367514,773.1005282860558
374,374,searsmall_20210212_110725.jpg,searsmall,2021-02-12T11:07:25,False,False,False,True,False,35.37528611878804,36.61221790806897,38.64957018599841,126.68145300949058,119.7823638206047,114.65144062470057
375,375,searsmall_20210212_120915.jpg,searsmall,2021-02-12T12:09:15,False,False,False,True,False,40.206395496702214,41.74392580409977,42.07461977992167,392.1906873229225,353.2802779195868,279.0612692373314
376,376,searsmall_20210212_131106.jpg,searsmall,2021-02-12T13:11:06,False,False,False,True,False,40.869665474151816,42.66642364231337,42.208887909255836,762.5087084979368,705.1486328818542,598.0467030800447
377,377,searsmall_20210212_141256.jpg,searsmall,2021-02-12T14:12:56,False,False,False,True,False,42.29332474270503,47.12999542209939,51.28811950016107,473.235515725109,436.06996261548625,376.7605585943092
378,378,searsmall_20210212_151452.jpg,searsmall,2021-02-12T15:14:52,False,False,False,True,False,51.71311822852201,55.51776055884298,58.48581698570678,2270.508587131464,2110.4139803288394,1827.8156443125272
379,379,searsmall_20210212_161642.jpg,searsmall,2021-02-12T16:16:42,False,False,False,True,False,43.23472761491378,46.11956798182404,49.50746876006714,468.57709406566966,384.86506733908976,329.1239163093846
380,380,searsmall_20210212_171832.jpg,searsmall,2021-02-12T17:18:32,False,False,False,True,False,41.57688329744485,45.45845131317927,50.69078824666407,509.8431665963773,498.47245519494976,535.6133862095732
381,381,searsmall_20210212_182026.jpg,searsmall,2021-02-12T18:20:26,False,False,False,False,True,147.48564743383238,122.65653876803609,86.52494955831737,2389.283110947163,2380.801090317301,2120.1023760444386
382,382,searsmall_20210212_192218.jpg,searsmall,2021-02-12T19:22:18,False,False,False,True,False,125.43044134352905,107.0236355312908,81.77719188185625,2273.458033971614,1215.0973575691244,780.7605262639156
383,383,searsmall_20210212_222714.jpg,searsmall,2021-02-12T22:27:14,False,False,False,True,False,125.30660065447023,108.58288543379847,88.12731650248394,2685.1322799702475,1607.8638424618402,1360.6978921375887
384,384,searsmall_20210212_235916.jpg,searsmall,2021-02-12T23:59:16,False,False,False,True,False,122.2998185794944,105.34861560894555,82.84214720493735,2239.2537904687906,1107.7997442219175,712.4448768286674
385,385,searsmall_20210213_010106.jpg,searsmall,2021-02-13T01:01:06,False,False,False,True,False,137.99365875989758,121.15920921005782,96.16268502348294,2777.7445468450837,1527.7457234866233,969.7526922667337
386,386,searsmall_20210213_022502.jpg,searsmall,2021-02-13T02:25:02,False,False,False,True,False,136.72001898980994,120.7953678427915,96.61254005663032,3111.408868810572,1797.955294163934,1174.7565025750541
387,387,searsmall_20210213_120953.jpg,searsmall,2021-02-13T12:09:53,False,False,False,True,False,43.77637803285916,47.615948049305686,49.87960121399142,341.66899489437554,322.5685386199294,274.94409956460026
388,388,searsmall_20210213_131142.jpg,searsmall,2021-02-13T13:11:42,False,False,False,True,False,40.60382509028637,44.55139965072314,47.068905881754525,400.0419976103297,378.1880827406168,329.82485234569174
389,389,searsmall_20210213_141331.jpg,searsmall,2021-02-13T14:13:31,False,False,False,True,False,43.01202122789467,47.07746825141152,50.0035944997372,801.1495358847968,760.3858839173149,694.1502100402864
390,390,searsmall_20210213_155102.jpg,searsmall,2021-02-13T15:51:02,False,False,False,True,False,41.13377642889842,45.70733650960511,49.39085098085759,417.96369053351174,394.3370239490716,345.33200127484827
391,391,searsmall_20210213_165253.jpg,searsmall,2021-02-13T16:52:53,False,False,False,True,False,42.402651791315556,43.05983485647434,44.59785686430764,407.8588959673755,299.89277272913245,214.46833566367098
392,392,searsmall_20210213_204302.jpg,searsmall,2021-02-13T20:43:02,False,False,True,True,False,121.99555774089083,109.44441241797928,88.34807304294749,3242.4730978166485,2157.9459893540475,1606.2388885620528
393,393,searsmall_20210213_214621.jpg,searsmall,2021-02-13T21:46:21,False,False,True,True,False,147.89982875260685,137.7154241340138,121.64989233455975,4741.605286428566,4041.9600481301018,3901.8165385445036
394,394,searsmall_20210213_224811.jpg,searsmall,2021-02-13T22:48:11,False,False,True,True,False,116.29898777530985,101.81822343546008,79.48688516251548,3036.7806108881155,1783.960666906044,1245.3853508142424
395,395,searsmall_20210214_001531.jpg,searsmall,2021-02-14T00:15:31,False,False,True,True,False,117.43347632208074,103.60753827633565,81.82631105986877,2650.4404575247063,1467.3884719727757,941.9315812492124
396,396,shipcreek_20210208_130150.jpg,shipcreek,2021-02-08T13:01:50,True,False,False,True,False,113.1760284939385,118.6743347602087,121.54261564770339,1925.631138597626,1752.6232279514586,1586.0820346183743
397,397,shipcreek_20210208_140340.jpg,shipcreek,2021-02-08T14:03:40,True,False,False,True,False,134.66695530939234,136.70529577710246,133.973265148297,2756.8472716075503,2619.8705991263732,2452.566849429865
398,398,shipcreek_20210208_150530.jpg,shipcreek,2021-02-08T15:05:30,True,False,False,True,False,82.16985262882724,92.81596030890218,102.40170898277947,3146.1936663955166,3186.157684686244,3294.6127097763906
399,399,shipcreek_20210208_160720.jpg,shipcreek,2021-02-08T16:07:20,True,False,False,True,False,90.49992375475172,101.92614558485552,110.58971887287738,1038.0805721603142,1239.6523078362484,1649.205527079525
400,400,shipcreek_20210208_170910.jpg,shipcreek,2021-02-08T17:09:10,True,False,False,True,False,93.441596139812,97.22821292030193,98.24228016861092,1419.5096350957062,1504.2888985055263,1729.6204548690164
401,401,shipcreek_20210208_181103.jpg,shipcreek,2021-02-08T18:11:03,True,False,False,True,False,142.14285091875524,145.8072465662408,126.07358211068632,2169.2772332799673,2167.4863296502463,2242.2926773633444
402,402,shipcreek_20210208_191255.jpg,shipcreek,2021-02-08T19:12:55,True,False,False,True,False,147.4256445446525,152.8668213355989,144.26270300297355,2392.2898480811696,2528.2246035189405,2994.883720524379
403,403,shipcreek_20210208_201445.jpg,shipcreek,2021-02-08T20:14:45,True,False,False,True,False,147.13837423346294,154.01059808951192,145.30367937783876,2211.1484831959615,2399.939261815932,2900.196949831783
404,404,shipcreek_20210208_211639.jpg,shipcreek,2021-02-08T21:16:39,False,False,False,True,False,142.4474670239301,147.703313400647,139.6507368558638,3517.895673446574,3640.833863804894,3935.0540491961747
405,405,shipcreek_20210208_221828.jpg,shipcreek,2021-02-08T22:18:28,True,False,False,True,False,146.76280647866767,153.87922752671307,145.6896328246686,2189.8206086035434,2388.7799657420974,2899.8968591589332
406,406,shipcreek_20210208_223730.jpg,shipcreek,2021-02-08T22:37:30,True,False,False,True,False,147.40230805258744,154.97064557940942,147.09305732553455,2180.366152021302,2276.304282693816,2731.638896673957
407,407,shipcreek_20210208_233922.jpg,shipcreek,2021-02-08T23:39:22,True,False,False,True,False,145.89758084719364,152.87810018625626,144.60963522094784,2234.7177613600647,2438.5710688302283,2947.436228656053
408,408,shipcreek_20210209_004111.jpg,shipcreek,2021-02-09T00:41:11,True,False,False,True,False,144.1120315001797,150.88916119334706,142.70576414077053,2213.255706956888,2377.874882683653,2857.8821592612567
409,409,shipcreek_20210209_113642.jpg,shipcreek,2021-02-09T11:36:42,True,False,False,True,False,73.34606628979729,72.76149397117929,69.41007417573441,1467.1998037429944,1503.9046654847227,1526.9274888343723
410,410,shipcreek_20210209_123826.jpg,shipcreek,2021-02-09T12:38:26,True,False,False,True,False,84.14736572667168,84.6090307050507,81.58226862290189,1696.1635211733162,1722.269797652108,1920.726169276337
411,411,shipcreek_20210209_140051.jpg,shipcreek,2021-02-09T14:00:51,True,False,False,True,False,105.00255421581763,106.1034702480149,103.7648542081931,1789.0799801875241,1790.173671256402,1936.967509231923
412,412,shipcreek_20210209_150241.jpg,shipcreek,2021-02-09T15:02:41,True,True,True,True,False,110.2489298434794,113.62920301931183,116.03307954557832,852.8370634399364,841.2294725330299,918.721776050497
413,413,shipcreek_20210209_160432.jpg,shipcreek,2021-02-09T16:04:32,True,True,False,False,False,115.79837488699366,118.18915356882223,119.05631256194927,815.4353137223272,792.540765710593,840.2398116094796
414,414,shipcreek_20210209_170622.jpg,shipcreek,2021-02-09T17:06:22,True,True,False,False,False,116.19303118430655,120.06406234682875,124.098073173654,1083.599942286178,1061.9175866996386,1142.3114395009686
415,415,shipcreek_20210209_180812.jpg,shipcreek,2021-02-09T18:08:12,True,True,False,False,False,155.1549140062521,162.61017982986417,154.1138777244061,1647.5248095017491,1968.574406931031,2019.798673424079
416,416,shipcreek_20210209_191001.jpg,shipcreek,2021-02-09T19:10:01,True,True,False,False,False,160.8935725255694,170.94701499852957,167.16796283588755,1953.5553714466703,2340.797086935489,2902.0772955711222
417,417,shipcreek_20210209_214842.jpg,shipcreek,2021-02-09T21:48:42,True,True,False,False,False,159.3787755013125,168.30444183032165,164.8485497064558,1878.7341990648176,2229.4571686721524,2753.9885159340965
418,418,shipcreek_20210209_225033.jpg,shipcreek,2021-02-09T22:50:33,True,True,False,False,False,167.72409023080525,176.66791926717426,174.1966201570652,2072.71454791618,2372.2859689422344,2876.1460119512763
419,419,shipcreek_20210209_235226.jpg,shipcreek,2021-02-09T23:52:26,True,True,False,False,False,171.77830060233745,180.63570020368374,178.63676763715975,1879.3834758080359,2316.101315001933,2864.821541756952
420,420,shipcreek_20210210_113643.jpg,shipcreek,2021-02-10T11:36:43,True,True,False,False,False,166.88785957803702,172.63858118485115,177.36036227385114,410.58221915373963,359.7806977702092,361.65577551602536
421,421,shipcreek_20210210_123833.jpg,shipcreek,2021-02-10T12:38:33,True,True,False,False,False,161.27552309686413,166.99248439695455,172.17127950418805,1256.912307132234,1228.325706785107,1260.4907539543688
422,422,shipcreek_20210210_134345.jpg,shipcreek,2021-02-10T13:43:45,True,True,False,False,False,141.07928961212954,146.55922621965166,150.4001132786546,467.72395202287913,423.7287979112139,431.2009523992408
423,423,shipcreek_20210210_144534.jpg,shipcreek,2021-02-10T14:45:34,True,True,False,False,False,119.48648280669651,126.17583788081778,134.32188020782277,2832.0031312307406,2595.717662333442,2246.868852258913
424,424,shipcreek_20210210_154726.jpg,shipcreek,2021-02-10T15:47:26,True,True,False,False,False,114.21441797645112,126.22914420154886,139.3945637137971,604.0659910784843,592.0161735653357,666.5958852263891
425,425,shipcreek_20210210_164918.jpg,shipcreek,2021-02-10T16:49:18,True,True,False,False,False,124.50122537006176,129.48125456109966,134.87677678658955,542.4992659994757,524.2757571599694,610.0451369232503
426,426,shipcreek_20210210_175122.jpg,shipcreek,2021-02-10T17:51:22,True,False,False,False,False,126.1204348157588,132.77986362992735,135.86465379211188,784.9437893043399,741.2320516931093,829.0633836336392
427,427,shipcreek_20210210_185321.jpg,shipcreek,2021-02-10T18:53:21,True,False,False,False,False,158.05198836715354,165.5798995741158,160.4640340271651,2129.60197648949,2492.469301992986,3035.545082621068
428,428,shipcreek_20210210_195511.jpg,shipcreek,2021-02-10T19:55:11,True,True,False,False,False,157.2217756429108,167.36675598252896,163.42224073892538,2225.319962379883,2448.6091916471614,2917.520037541365
429,429,shipcreek_20210210_205703.jpg,shipcreek,2021-02-10T20:57:03,True,True,False,False,False,156.95842455532681,166.0163437135793,161.0865329107168,2177.969657729936,2320.2133012695676,2785.2577747202427
430,430,shipcreek_20210210_215852.jpg,shipcreek,2021-02-10T21:58:52,True,True,False,False,False,155.22307725822088,163.46073914322125,158.7882124846148,2154.7428331232554,2436.109147624326,2925.1407160904796
431,431,shipcreek_20210210_230043.jpg,shipcreek,2021-02-10T23:00:43,True,True,False,False,False,154.38364430502457,163.30095088716791,158.70012743848642,2264.0509675553426,2487.793339726907,2919.4540100481327
432,432,shipcreek_20210211_032942.jpg,shipcreek,2021-02-11T03:29:42,True,True,False,False,False,150.54744088270212,159.03371673801044,152.52840135498698,2173.536348519594,2620.0929443718746,3169.4451000824192
433,433,shipcreek_20210211_114105.jpg,shipcreek,2021-02-11T11:41:05,True,False,False,True,False,103.14853118975263,104.82028450369789,102.93532769118497,1020.6134262918767,1016.410507511995,1129.9888519444326
434,434,shipcreek_20210211_124322.jpg,shipcreek,2021-02-11T12:43:22,True,False,False,True,False,97.64109727804464,99.32922153601498,96.39181343876962,1593.8259154969576,1599.6203271407292,1681.1108680737248
435,435,shipcreek_20210211_150334.jpg,shipcreek,2021-02-11T15:03:34,True,False,False,True,False,85.71582851354442,86.2491531331351,83.7379559738152,1396.4017101591794,1399.2289671672286,1503.7320169571399
436,436,shipcreek_20210211_165910.jpg,shipcreek,2021-02-11T16:59:10,True,False,False,True,False,87.24718709494712,86.23170930954481,82.60301277652518,1274.444360967523,1237.79242610047,1329.5511225115843
437,437,shipcreek_20210211_222240.jpg,shipcreek,2021-02-11T22:22:40,True,False,False,True,False,133.29356054417323,141.78196582034442,132.26417344704768,2283.514084708402,2363.5302748184686,2766.13321536344
438,438,shipcreek_20210211_232517.jpg,shipcreek,2021-02-11T23:25:17,False,False,False,True,False,132.56381182672723,141.68883769565076,132.0893430927251,2268.9642781035973,2321.8696028806603,2719.61883544404
439,439,shipcreek_20210212_002708.jpg,shipcreek,2021-02-12T00:27:08,False,False,False,True,False,133.20835647921228,141.63887527366597,131.28332734263526,2318.940412692755,2347.433961705941,2695.071911132496
440,440,shipcreek_20210212_110757.jpg,shipcreek,2021-02-12T11:07:57,False,False,False,True,False,84.96852160463571,90.77659053034016,94.21868226426604,1636.2716947950355,1795.6466865815746,2117.639627010209
441,441,shipcreek_20210212_120948.jpg,shipcreek,2021-02-12T12:09:48,True,False,False,True,False,89.220381444085,98.6094173773813,107.95816314304697,2759.773072599002,2671.4900074909388,2672.599149371329
442,442,shipcreek_20210212_131139.jpg,shipcreek,2021-02-12T13:11:39,True,False,False,True,False,104.12637649903604,107.23741136489886,105.67151913211123,1869.2984371539824,1890.6912695180756,1949.5103566995242
443,443,shipcreek_20210212_141334.jpg,shipcreek,2021-02-12T14:13:34,True,False,False,True,False,129.5031097169123,132.50506486292193,130.61045758041152,2990.1375394806155,2866.4514142931384,2682.4965972799737
444,444,shipcreek_20210212_151525.jpg,shipcreek,2021-02-12T15:15:25,False,False,False,True,False,81.67406790183969,92.89800564214838,100.32814321036064,3685.745302430707,3515.8252559643715,3082.410294127734
445,445,shipcreek_20210212_161716.jpg,shipcreek,2021-02-12T16:17:16,False,False,False,True,False,74.51248788245161,86.66108442527421,92.8454998965243,1472.4632436105694,1866.3141736914101,2154.478417075475
446,446,shipcreek_20210212_171905.jpg,shipcreek,2021-02-12T17:19:05,True,False,False,True,False,80.1417126861201,84.08668540121339,83.91302595606095,1744.4615315175772,1827.0518098904731,1949.4687286895526
447,447,shipcreek_20210212_182059.jpg,shipcreek,2021-02-12T18:20:59,False,False,False,True,False,130.96097332505528,135.91135945277696,115.59301920291038,2331.501129164066,2353.6764221724093,2308.182213791754
448,448,shipcreek_20210212_192251.jpg,shipcreek,2021-02-12T19:22:51,False,False,False,True,False,132.50568571708655,140.89481423389864,131.1472894814234,2177.337998257858,2294.6982781759607,2709.353209140579
449,449,shipcreek_20210212_222747.jpg,shipcreek,2021-02-12T22:27:47,True,False,False,True,False,136.8073173653999,144.25383132372644,136.06264636364625,2289.647174505701,2415.6847881453,2850.193697670593
450,450,shipcreek_20210212_235949.jpg,shipcreek,2021-02-12T23:59:49,True,False,False,True,False,137.84745504253397,146.3286823731878,137.21640579899574,2146.660366716452,2285.3803949580833,2741.386067265579
451,451,shipcreek_20210213_010139.jpg,shipcreek,2021-02-13T01:01:39,True,False,False,False,False,139.08950102931084,147.44817501552134,138.9155039266303,2146.574949841978,2175.7101228280867,2594.1588081964824
452,452,shipcreek_20210213_022535.jpg,shipcreek,2021-02-13T02:25:35,True,False,False,False,False,142.03770872136718,150.59708198542626,142.17176965221276,2198.463401762426,2183.0432088168245,2586.7828338461877
453,453,shipcreek_20210213_121026.jpg,shipcreek,2021-02-13T12:10:26,True,False,False,False,False,76.79890860373166,84.82424925660882,93.47190907209533,3303.351974758924,3095.3337654683105,2840.0141467992994
454,454,shipcreek_20210213_131215.jpg,shipcreek,2021-02-13T13:12:15,True,False,False,True,False,100.8335457308107,105.91402259037785,107.1017601760176,1961.696949600347,2023.246488223564,2094.617671530629
455,455,shipcreek_20210213_141403.jpg,shipcreek,2021-02-13T14:14:03,True,False,False,False,False,128.94765763705084,133.6293881863434,134.017100719973,3037.2437121499515,2985.538697161873,2848.8092251507983
456,456,shipcreek_20210213_155135.jpg,shipcreek,2021-02-13T15:51:35,True,False,False,True,False,85.89263579823329,92.48866124236186,94.23810301822262,1795.258827686427,1868.2543263335108,1932.7778547639305
457,457,shipcreek_20210213_165327.jpg,shipcreek,2021-02-13T16:53:27,True,False,False,True,False,78.0879761243451,88.20464224640286,91.26784955723295,1489.7178753373157,1796.8271975675002,2030.9579704771654
458,458,shipcreek_20210213_204336.jpg,shipcreek,2021-02-13T20:43:36,True,False,False,True,False,134.32091625004085,143.6180712130619,135.0146281954928,2396.687556171237,2451.1601624900654,2911.4723104960676
459,459,shipcreek_20210213_214654.jpg,shipcreek,2021-02-13T21:46:54,True,False,False,True,False,142.1274820551362,150.2359082442898,142.23711727608404,2602.962780882339,2388.9251062672615,2693.492866445101
460,460,shipcreek_20210213_224844.jpg,shipcreek,2021-02-13T22:48:44,True,False,False,True,False,135.3242383644305,144.75319413129432,137.37475628750994,2344.2034231106713,2336.071840732619,2778.182826685532
461,461,shipcreek_20210214_001604.jpg,shipcreek,2021-02-14T00:16:04,True,False,False,True,False,137.5947565053535,146.83192824232918,139.59647746952913,2316.390483675693,2373.2684384836266,2848.7401202585106
